tag,dataset,lang,n_pairs,gallery_size,n_galleries,mean_diag_cos,median_diag_cos,p10_diag_cos,p90_diag_cos,i2t_r@1,i2t_r@5,i2t_r@10,t2i_r@1,t2i_r@5,t2i_r@10,source_dir
ckdonly_v1_e16,bloom,fil,558,558,1,0.35467618703842163,0.3722711503505707,0.24704602360725403,0.431657999753952,0.051971327513456345,0.20430107414722443,0.2921147048473358,0.04301075264811516,0.13261649012565613,0.19354838132858276,ckdonly_v1_e16
ckdonly_v1_e16,bloom,id,2169,2169,1,0.3798885941505432,0.39522886276245117,0.27844735980033875,0.45866596698760986,0.03780544176697731,0.1171046569943428,0.17335177958011627,0.021668972447514534,0.08298755437135696,0.13416321575641632,ckdonly_v1_e16
ckdonly_v1_e16,bloom,km,308,308,1,0.38706880807876587,0.39212942123413086,0.3113015294075012,0.45427095890045166,0.048701297491788864,0.13636364042758942,0.20779220759868622,0.016233766451478004,0.048701297491788864,0.08441558480262756,ckdonly_v1_e16
ckdonly_v1_e16,bloom,ms,102,102,1,0.3136786222457886,0.31963515281677246,0.18671639263629913,0.42522338032722473,0.10784313827753067,0.37254902720451355,0.5098039507865906,0.10784313827753067,0.30392158031463623,0.5,ckdonly_v1_e16
ckdonly_v1_e16,bloom,my,419,419,1,0.3801743984222412,0.39766979217529297,0.2621712386608124,0.4658757150173187,0.0071599045768380165,0.04295942559838295,0.06443914026021957,0.01193317398428917,0.03341288864612579,0.04534606263041496,ckdonly_v1_e16
ckdonly_v1_e16,bloom,th,3009,3009,1,0.4217510223388672,0.4427119791507721,0.335407555103302,0.4728558659553528,0.009305417537689209,0.027916250750422478,0.0451977401971817,0.0019940179772675037,0.010634762234985828,0.02193419821560383,ckdonly_v1_e16
ckdonly_v1_e16,bloom,vi,22,22,1,0.36983636021614075,0.37347668409347534,0.2787784934043884,0.4517263174057007,0.0,0.3636363744735718,0.5454545617103577,0.13636364042758942,0.27272728085517883,0.6363636255264282,ckdonly_v1_e16
ckdonly_v1_e16,cgoe,id,223098,10000,5,0.3008921444416046,0.3025873303413391,0.20656095445156097,0.3929454982280731,0.07698000073432923,0.17117999792098998,0.2313400000333786,0.0648599997162819,0.15609999895095825,0.21661999821662903,ckdonly_v1_e16
ckdonly_v1_e16,cgoe,jv,39747,10000,5,0.323486864566803,0.33031076192855835,0.22736451029777527,0.40862640738487244,0.08245999962091446,0.18599999845027923,0.2486400008201599,0.06995999813079834,0.1675000011920929,0.22815999686717986,ckdonly_v1_e16
ckdonly_v1_e16,cgoe,ms,161397,10000,5,0.2954710125923157,0.2925530672073364,0.20382539927959442,0.392782062292099,0.08373999893665314,0.17465999722480774,0.22704000174999237,0.07070000022649765,0.15998000502586365,0.21428000032901764,ckdonly_v1_e16
ckdonly_v1_e16,cgoe,su,21238,10000,5,0.32738497853279114,0.33387210965156555,0.23787765204906464,0.4060085415840149,0.07452000081539153,0.18120000064373015,0.23980000019073486,0.06161999925971031,0.15230000019073486,0.2097799986600876,ckdonly_v1_e16
ckdonly_v1_e16,cgoe,th,58433,10000,5,0.29451894760131836,0.29332539439201355,0.20949295163154602,0.38279789686203003,0.023420000448822975,0.07367999851703644,0.11086000055074692,0.01914000026881695,0.060499999672174454,0.09423999935388565,ckdonly_v1_e16
ckdonly_v1_e16,cgoe,vi,199562,10000,5,0.2932372987270355,0.29234880208969116,0.19957013428211212,0.38971763849258423,0.0757400006055832,0.16315999925136565,0.21611999869346618,0.06423999965190888,0.149480003118515,0.2025799959897995,ckdonly_v1_e16
ckdonly_v1_e16,wit,id,146744,10000,5,0.34310343861579895,0.35226887464523315,0.24297884106636047,0.42755410075187683,0.09715999960899353,0.2470200002193451,0.3401800036430359,0.07874000072479248,0.21710000038146973,0.3087999999523163,ckdonly_v1_e16
ckdonly_v1_e16,wit,jv,11926,10000,5,0.3338930606842041,0.3429185152053833,0.22865842282772064,0.4247686266899109,0.08444000035524368,0.20978000462055207,0.2887000024318695,0.065659998357296,0.17668000161647796,0.25241999626159667,ckdonly_v1_e16
ckdonly_v1_e16,wit,ms,59504,10000,5,0.3430202007293701,0.35253092646598816,0.2433243691921234,0.4272688329219818,0.09188000112771988,0.24117999970912934,0.33560000658035277,0.07683999985456466,0.21597999930381775,0.3050599992275238,ckdonly_v1_e16
ckdonly_v1_e16,wit,my,9941,9941,1,0.29416632652282715,0.2870209217071533,0.19884632527828217,0.40475308895111084,0.038627903908491135,0.09325017780065536,0.13117392361164093,0.02555074915289879,0.07152198255062103,0.10773564130067825,ckdonly_v1_e16
ckdonly_v1_e16,wit,th,55594,10000,5,0.33895498514175415,0.3485737442970276,0.23869474232196808,0.4228762686252594,0.0611799992620945,0.17589999735355377,0.26039999425411225,0.047300000488758084,0.15031999945640565,0.22706000208854676,ckdonly_v1_e16
ckdonly_v1_e16,wit,vi,203979,10000,5,0.350041925907135,0.3610808253288269,0.25348907709121704,0.4286124110221863,0.08465999960899354,0.228439998626709,0.32351999878883364,0.07255999892950057,0.20453999936580658,0.2975600004196167,ckdonly_v1_e16
ckdonly_v1_e24,bloom,fil,558,558,1,0.36496463418006897,0.37639737129211426,0.28950247168540955,0.42706185579299927,0.17025089263916016,0.4121863842010498,0.5430107712745667,0.15591397881507874,0.3870967626571655,0.5,ckdonly_v1_e24
ckdonly_v1_e24,bloom,id,2169,2169,1,0.3814846873283386,0.3879386782646179,0.3164539337158203,0.4372442662715912,0.07422775775194168,0.22591055929660797,0.34071001410484314,0.059474412351846695,0.20009221136569977,0.29137852787971497,ckdonly_v1_e24
ckdonly_v1_e24,bloom,km,308,308,1,0.3815498948097229,0.3853648006916046,0.32918187975883484,0.42984700202941895,0.10389610379934311,0.2759740352630615,0.40584415197372437,0.048701297491788864,0.1785714328289032,0.27272728085517883,ckdonly_v1_e24
ckdonly_v1_e24,bloom,ms,102,102,1,0.354612797498703,0.3786030113697052,0.24497006833553314,0.4230751097202301,0.2647058963775635,0.6078431606292725,0.8039215803146362,0.2647058963775635,0.6666666865348816,0.7647058963775635,ckdonly_v1_e24
ckdonly_v1_e24,bloom,my,419,419,1,0.36993008852005005,0.38587626814842224,0.2928335666656494,0.4266373813152313,0.03579952195286751,0.09785202890634537,0.15990453958511353,0.0071599045768380165,0.06443914026021957,0.09307876229286194,ckdonly_v1_e24
ckdonly_v1_e24,bloom,th,3009,3009,1,0.3900723457336426,0.3992294669151306,0.3421213924884796,0.4271085262298584,0.016616815701127052,0.0571618489921093,0.08873379975557327,0.011631770990788937,0.03688933327794075,0.06380857527256012,ckdonly_v1_e24
ckdonly_v1_e24,bloom,vi,22,22,1,0.43137338757514954,0.43545764684677124,0.39584559202194214,0.45607489347457886,0.13636364042758942,0.4545454680919647,0.7272727489471436,0.1818181872367859,0.5,0.7727272510528564,ckdonly_v1_e24
ckdonly_v1_e24,cgoe,id,223098,10000,5,0.3188328444957733,0.32557255029678345,0.23259501159191132,0.39496955275535583,0.20129999816417693,0.3921600043773651,0.4845200002193451,0.1873999983072281,0.3733799993991852,0.4616599977016449,ckdonly_v1_e24
ckdonly_v1_e24,cgoe,jv,39747,10000,5,0.34432175755500793,0.3519248962402344,0.2692635655403137,0.4089122712612152,0.2236600011587143,0.4540399968624115,0.5551200151443482,0.22148000001907348,0.4321199953556061,0.5231799960136414,ckdonly_v1_e24
ckdonly_v1_e24,cgoe,ms,161397,10000,5,0.3145763576030731,0.3206283748149872,0.22566257417201996,0.3948748707771301,0.2213599979877472,0.40917999744415284,0.4916800022125244,0.2084199994802475,0.3914799988269806,0.4732599973678589,ckdonly_v1_e24
ckdonly_v1_e24,cgoe,su,21238,10000,5,0.3524359464645386,0.36009228229522705,0.28396815061569214,0.4119643568992615,0.21895999908447267,0.46130000352859496,0.5600199937820435,0.21008000075817107,0.42755999565124514,0.524779987335205,ckdonly_v1_e24
ckdonly_v1_e24,cgoe,th,58433,10000,5,0.29406094551086426,0.29835712909698486,0.21151743829250336,0.3696192800998688,0.06698000133037567,0.172419998049736,0.23821999728679658,0.055400000512599946,0.1501200020313263,0.2151799976825714,ckdonly_v1_e24
ckdonly_v1_e24,cgoe,vi,199562,10000,5,0.30712947249412537,0.31185993552207947,0.21783927083015442,0.390345960855484,0.19571999907493592,0.37610000371932983,0.459960001707077,0.18695999681949615,0.3609399974346161,0.44427999258041384,ckdonly_v1_e24
ckdonly_v1_e24,wit,id,146744,10000,5,0.34492212533950806,0.35341888666152954,0.2727985382080078,0.4048287868499756,0.1939199984073639,0.4383799970149994,0.5628000140190125,0.18276000022888184,0.42067999839782716,0.5430199861526489,ckdonly_v1_e24
ckdonly_v1_e24,wit,jv,11926,10000,5,0.34427544474601746,0.35332638025283813,0.27039119601249695,0.40501564741134644,0.18682000041007996,0.4193599998950958,0.5330600023269654,0.1783600002527237,0.40106000304222106,0.5099200010299683,ckdonly_v1_e24
ckdonly_v1_e24,wit,ms,59504,10000,5,0.3458957374095917,0.35448580980300903,0.27373939752578735,0.4054848551750183,0.18783999979496002,0.4350600004196167,0.5604799866676331,0.17400000095367432,0.4213999927043915,0.5431400060653686,ckdonly_v1_e24
ckdonly_v1_e24,wit,my,9941,9941,1,0.301043301820755,0.3075549602508545,0.2103234976530075,0.3823510408401489,0.07866411656141281,0.18036414682865143,0.24725882709026337,0.06367568671703339,0.15974247455596924,0.23015792667865753,ckdonly_v1_e24
ckdonly_v1_e24,wit,th,55594,10000,5,0.33646219968795776,0.3457561135292053,0.25895142555236816,0.39987698197364807,0.12594000101089478,0.3215000033378601,0.44116000533103944,0.11252000033855439,0.30371999740600586,0.4175999939441681,ckdonly_v1_e24
ckdonly_v1_e24,wit,vi,203979,10000,5,0.3447047173976898,0.3533793091773987,0.2742749750614166,0.40305307507514954,0.17684000134468078,0.4128999948501587,0.5402400016784668,0.16978000104427338,0.4027199983596802,0.5236599922180176,ckdonly_v1_e24
ckdonly_v1_e32,bloom,fil,558,558,1,0.36872753500938416,0.3723624646663666,0.3381786346435547,0.40118131041526794,0.342293918132782,0.7311828136444092,0.8602150678634644,0.3584229350090027,0.7168458700180054,0.8333333134651184,ckdonly_v1_e32
ckdonly_v1_e32,bloom,id,2169,2169,1,0.3751486837863922,0.3777940273284912,0.3431078791618347,0.40449845790863037,0.17704011499881744,0.49746426939964294,0.6463808417320251,0.18395574390888214,0.4573536217212677,0.6081143617630005,ckdonly_v1_e32
ckdonly_v1_e32,bloom,km,308,308,1,0.3731299936771393,0.37613487243652344,0.3361169695854187,0.40202853083610535,0.26948052644729614,0.5844155550003052,0.7727272510528564,0.16558441519737244,0.44805195927619934,0.6233766078948975,ckdonly_v1_e32
ckdonly_v1_e32,bloom,ms,102,102,1,0.36777040362358093,0.37832820415496826,0.32078757882118225,0.4054949879646301,0.47058823704719543,0.8725489974021912,0.9509803652763367,0.44117647409439087,0.8725489974021912,0.9411764740943909,ckdonly_v1_e32
ckdonly_v1_e32,bloom,my,419,419,1,0.3748171031475067,0.38244009017944336,0.32835447788238525,0.41082319617271423,0.05489259958267212,0.18615752458572388,0.2744629979133606,0.04295942559838295,0.14558473229408264,0.23389022052288055,ckdonly_v1_e32
ckdonly_v1_e32,bloom,th,3009,3009,1,0.3920733630657196,0.39563363790512085,0.36396220326423645,0.41836678981781006,0.03855101391673088,0.11365902423858643,0.1691591888666153,0.033898305147886276,0.08973080664873123,0.13193751871585846,ckdonly_v1_e32
ckdonly_v1_e32,bloom,vi,22,22,1,0.39289960265159607,0.39857470989227295,0.3632044494152069,0.4198991656303406,0.27272728085517883,0.7272727489471436,0.7727272510528564,0.27272728085517883,0.5454545617103577,0.8181818127632141,ckdonly_v1_e32
ckdonly_v1_e32,cgoe,id,223098,10000,5,0.3504030406475067,0.3565128445625305,0.3051649332046509,0.3883383274078369,0.40040000081062316,0.723199999332428,0.8184000134468079,0.4237800002098083,0.711299991607666,0.798420000076294,ckdonly_v1_e32
ckdonly_v1_e32,cgoe,jv,39747,10000,5,0.354869544506073,0.3595249354839325,0.3153788149356842,0.38888734579086304,0.3815600037574768,0.7308199882507325,0.8314599990844727,0.4121000051498413,0.7164600014686584,0.8084800004959106,ckdonly_v1_e32
ckdonly_v1_e32,cgoe,ms,161397,10000,5,0.34950506687164307,0.35639116168022156,0.3022916316986084,0.3877427875995636,0.4188800036907196,0.7258800029754638,0.8123600006103515,0.44290000200271606,0.7185999989509583,0.798420000076294,ckdonly_v1_e32
ckdonly_v1_e32,cgoe,su,21238,10000,5,0.36198392510414124,0.3658897280693054,0.32633423805236816,0.3934567868709564,0.36973999738693236,0.7340400099754334,0.8361800074577331,0.38528000116348265,0.7189600110054016,0.8119600057601929,ckdonly_v1_e32
ckdonly_v1_e32,cgoe,th,58433,10000,5,0.3416435122489929,0.34980514645576477,0.2820504307746887,0.3888021409511566,0.19038000106811523,0.4382600009441376,0.5505000114440918,0.1770999997854233,0.41067999601364136,0.5181399941444397,ckdonly_v1_e32
ckdonly_v1_e32,cgoe,vi,199562,10000,5,0.34334686398506165,0.3500821590423584,0.29409506916999817,0.3840057849884033,0.3780200004577637,0.7039200067520142,0.7992200016975403,0.415420001745224,0.6944400072097778,0.7823400020599365,ckdonly_v1_e32
ckdonly_v1_e32,wit,id,146744,10000,5,0.35524654388427734,0.35987353324890137,0.3176627457141876,0.387594997882843,0.3390599966049194,0.7055600047111511,0.8256400108337403,0.3614799976348877,0.6926399946212769,0.8034800052642822,ckdonly_v1_e32
ckdonly_v1_e32,wit,jv,11926,10000,5,0.35860544443130493,0.3632895052433014,0.3228255808353424,0.3889983892440796,0.3287800014019012,0.6978200078010559,0.8136200070381164,0.363100004196167,0.6784999966621399,0.7841799974441528,ckdonly_v1_e32
ckdonly_v1_e32,wit,ms,59504,10000,5,0.3562764823436737,0.36084216833114624,0.31984174251556396,0.3883053958415985,0.3353600025177002,0.7020000100135804,0.8266200065612793,0.35112000107765196,0.688700008392334,0.8046000003814697,ckdonly_v1_e32
ckdonly_v1_e32,wit,my,9941,9941,1,0.33861154317855835,0.3468273878097534,0.28318488597869873,0.38222795724868774,0.13690775632858276,0.3624383807182312,0.49079570174217224,0.16145257651805878,0.3760184943675995,0.48958855867385864,ckdonly_v1_e32
ckdonly_v1_e32,wit,th,55594,10000,5,0.3548828065395355,0.3595274090766907,0.315573126077652,0.3892146050930023,0.24065999686717987,0.5860999941825866,0.7396600127220154,0.2511200040578842,0.5784400105476379,0.7143599987030029,ckdonly_v1_e32
ckdonly_v1_e32,wit,vi,203979,10000,5,0.35396653413772583,0.3580596446990967,0.3170754611492157,0.3864421248435974,0.3006999969482422,0.6585999965667725,0.786739993095398,0.32375999689102175,0.6474600076675415,0.7654600024223328,ckdonly_v1_e32
ckdonly_v1_e8,bloom,fil,558,558,1,0.3654786944389343,0.3900901675224304,0.25099971890449524,0.4357593357563019,0.023297490552067757,0.07526881992816925,0.12544803321361542,0.01433691754937172,0.04301075264811516,0.07526881992816925,ckdonly_v1_e8
ckdonly_v1_e8,bloom,id,2169,2169,1,0.38510796427726746,0.40226253867149353,0.2857884466648102,0.45242977142333984,0.016597511246800423,0.05117565765976906,0.08483172208070755,0.01244813296943903,0.041032735258340836,0.06408483535051346,ckdonly_v1_e8
ckdonly_v1_e8,bloom,km,308,308,1,0.3867866098880768,0.3983615040779114,0.28863075375556946,0.4683418869972229,0.019480518996715546,0.051948051899671555,0.08116883039474487,0.009740259498357773,0.022727273404598236,0.06818182021379471,ckdonly_v1_e8
ckdonly_v1_e8,bloom,ms,102,102,1,0.32513558864593506,0.3303762674331665,0.21052119135856628,0.41818538308143616,0.10784313827753067,0.27450981736183167,0.44117647409439087,0.11764705926179886,0.29411765933036804,0.44117647409439087,ckdonly_v1_e8
ckdonly_v1_e8,bloom,my,419,419,1,0.3762413263320923,0.40863218903541565,0.23304195702075958,0.4863835275173187,0.00477326987311244,0.03341288864612579,0.04295942559838295,0.00238663493655622,0.016706444323062897,0.028639618307352066,ckdonly_v1_e8
ckdonly_v1_e8,bloom,th,3009,3009,1,0.47484269738197327,0.4991247057914734,0.37324967980384827,0.5314785242080688,0.0046527087688446045,0.015287471003830433,0.022266533225774765,0.0023263543844223022,0.00963775347918272,0.01595214381814003,ckdonly_v1_e8
ckdonly_v1_e8,bloom,vi,22,22,1,0.2942473590373993,0.30038341879844666,0.21669580042362213,0.3678438365459442,0.09090909361839294,0.22727273404598236,0.3636363744735718,0.04545454680919647,0.27272728085517883,0.3636363744735718,ckdonly_v1_e8
ckdonly_v1_e8,cgoe,id,223098,10000,5,0.3020351827144623,0.3033892512321472,0.21195575594902039,0.3907087743282318,0.028759999573230742,0.08057999908924103,0.12070000022649766,0.02112000063061714,0.06473999917507171,0.09794000089168549,ckdonly_v1_e8
ckdonly_v1_e8,cgoe,jv,39747,10000,5,0.3187858760356903,0.3245781362056732,0.2210499346256256,0.4064735770225525,0.028880000114440918,0.07675999999046326,0.11273999959230423,0.01964000016450882,0.06261999905109406,0.09590000212192536,ckdonly_v1_e8
ckdonly_v1_e8,cgoe,ms,161397,10000,5,0.2873665988445282,0.2848840355873108,0.2027069330215454,0.37699341773986816,0.02728000022470951,0.07489999979734421,0.10745999962091446,0.017340000718832016,0.05630000010132789,0.08695999830961228,ckdonly_v1_e8
ckdonly_v1_e8,cgoe,su,21238,10000,5,0.32828086614608765,0.334472119808197,0.23709219694137573,0.40891870856285095,0.026980000361800194,0.0759200006723404,0.11070000231266022,0.015860000252723695,0.05190000012516975,0.08087999969720841,ckdonly_v1_e8
ckdonly_v1_e8,cgoe,th,58433,10000,5,0.29034438729286194,0.2897886633872986,0.20326051115989685,0.3795505166053772,0.010820000246167184,0.03678000047802925,0.05920000001788139,0.007320000045001507,0.030539999902248382,0.050100000202655794,ckdonly_v1_e8
ckdonly_v1_e8,cgoe,vi,199562,10000,5,0.28767848014831543,0.28893113136291504,0.19683972001075745,0.37678179144859314,0.02760000005364418,0.07443999946117401,0.11107999980449676,0.019079999625682832,0.058100000768899915,0.09142000079154969,ckdonly_v1_e8
ckdonly_v1_e8,wit,id,146744,10000,5,0.35678619146347046,0.3671084940433502,0.24565330147743225,0.45053890347480774,0.057980000227689746,0.16351999640464782,0.23849999904632568,0.04714000001549721,0.14251999855041503,0.21292000114917756,ckdonly_v1_e8
ckdonly_v1_e8,wit,jv,11926,10000,5,0.33882713317871094,0.34665340185165405,0.2196902185678482,0.4464395046234131,0.04874000027775764,0.12943999767303466,0.18895999789237977,0.03523999974131584,0.10837999880313873,0.16405999660491943,ckdonly_v1_e8
ckdonly_v1_e8,wit,ms,59504,10000,5,0.35564225912094116,0.366809606552124,0.2436261922121048,0.44975316524505615,0.05788000002503395,0.16240000128746032,0.23445999920368193,0.04842000007629395,0.14476000070571898,0.21420000195503236,ckdonly_v1_e8
ckdonly_v1_e8,wit,my,9941,9941,1,0.2910967469215393,0.2755660116672516,0.19538390636444092,0.41825050115585327,0.03108339197933674,0.07373503595590591,0.10270596295595169,0.018207423388957977,0.04989437758922577,0.0762498751282692,ckdonly_v1_e8
ckdonly_v1_e8,wit,th,55594,10000,5,0.3399377763271332,0.34738609194755554,0.23087027668952942,0.43664607405662537,0.03402000069618225,0.10740000158548355,0.16839999556541443,0.025279999896883964,0.08655999898910523,0.14108000099658966,ckdonly_v1_e8
ckdonly_v1_e8,wit,vi,203979,10000,5,0.3547722101211548,0.36324283480644226,0.24740837514400482,0.4476383328437805,0.05142000019550323,0.1567999988794327,0.23219999969005584,0.04350000023841858,0.139259997010231,0.21175999641418458,ckdonly_v1_e8
clipkd_ckd_v1_e16,bloom,fil,558,558,1,0.3310200572013855,0.3548045754432678,0.20395410060882568,0.4153256416320801,0.04121863842010498,0.1272401362657547,0.17025089263916016,0.01433691754937172,0.07526881992816925,0.1111111119389534,clipkd_ckd_v1_e16
clipkd_ckd_v1_e16,bloom,id,2169,2169,1,0.3673548996448517,0.37991857528686523,0.2740412950515747,0.4386322498321533,0.018902720883488655,0.06777317076921463,0.1111111119389534,0.01106500718742609,0.048870448023080826,0.07883817702531815,clipkd_ckd_v1_e16
clipkd_ckd_v1_e16,bloom,km,308,308,1,0.3249393105506897,0.33651411533355713,0.20933426916599274,0.427668958902359,0.0,0.03246753290295601,0.05844155699014664,0.006493506487458944,0.02922077849507332,0.048701297491788864,clipkd_ckd_v1_e16
clipkd_ckd_v1_e16,bloom,ms,102,102,1,0.29889512062072754,0.31309956312179565,0.16732263565063477,0.42006582021713257,0.12745098769664764,0.3137255012989044,0.44117647409439087,0.06862745434045792,0.2647058963775635,0.38235294818878174,clipkd_ckd_v1_e16
clipkd_ckd_v1_e16,bloom,my,419,419,1,0.3363495469093323,0.3461698293685913,0.22581905126571655,0.4236401319503784,0.0071599045768380165,0.03102625347673893,0.04773269593715668,0.00477326987311244,0.014319809153676033,0.03818615898489952,clipkd_ckd_v1_e16
clipkd_ckd_v1_e16,bloom,th,3009,3009,1,0.39549919962882996,0.42005953192710876,0.2871444821357727,0.4603601098060608,0.0016616815701127052,0.007311399094760418,0.017281489446759224,0.0023263543844223022,0.00631439033895731,0.011631770990788937,clipkd_ckd_v1_e16
clipkd_ckd_v1_e16,bloom,vi,22,22,1,0.2771318554878235,0.28589579463005066,0.21934472024440765,0.3305429518222809,0.04545454680919647,0.22727273404598236,0.4545454680919647,0.04545454680919647,0.22727273404598236,0.5454545617103577,clipkd_ckd_v1_e16
clipkd_ckd_v1_e16,cgoe,id,223098,10000,5,0.26186537742614746,0.26118701696395874,0.16810059547424316,0.3571280837059021,0.054040000587701795,0.13225999772548674,0.18370000123977662,0.04343999922275543,0.11340000033378601,0.16156000196933745,clipkd_ckd_v1_e16
clipkd_ckd_v1_e16,cgoe,jv,39747,10000,5,0.2834646999835968,0.2899011969566345,0.18035314977169037,0.3747863173484802,0.06359999924898148,0.15058000087738038,0.20374000072479248,0.05159999951720238,0.13076000213623046,0.1800599992275238,clipkd_ckd_v1_e16
clipkd_ckd_v1_e16,cgoe,ms,161397,10000,5,0.2525363862514496,0.24819311499595642,0.1630047708749771,0.3518252372741699,0.05421999990940094,0.12606000006198884,0.16839999854564666,0.042799999564886095,0.10517999976873398,0.14801999926567078,clipkd_ckd_v1_e16
clipkd_ckd_v1_e16,cgoe,su,21238,10000,5,0.2958885431289673,0.301339328289032,0.1998143047094345,0.38314902782440186,0.0688400000333786,0.1685599982738495,0.22327999770641327,0.04971999973058701,0.12897999882698058,0.17958000004291536,clipkd_ckd_v1_e16
clipkd_ckd_v1_e16,cgoe,th,58433,10000,5,0.25337547063827515,0.24927553534507751,0.1717943400144577,0.3445214033126831,0.014259999990463257,0.045319999754428866,0.07214000076055527,0.00930000003427267,0.03489999994635582,0.05746000036597252,clipkd_ckd_v1_e16
clipkd_ckd_v1_e16,cgoe,vi,199562,10000,5,0.2469952553510666,0.24392887949943542,0.15751168131828308,0.3427563011646271,0.04538000002503395,0.10794000029563904,0.15045999884605407,0.034140000492334364,0.09068000018596649,0.1291800022125244,clipkd_ckd_v1_e16
clipkd_ckd_v1_e16,wit,id,146744,10000,5,0.3149784207344055,0.324008047580719,0.21613599359989166,0.3994753658771515,0.07892000079154968,0.21428000032901764,0.30067999958992003,0.06910000145435333,0.19412000179290773,0.27955999970436096,clipkd_ckd_v1_e16
clipkd_ckd_v1_e16,wit,jv,11926,10000,5,0.3050536811351776,0.3132368326187134,0.19959217309951782,0.3959668278694153,0.06696000099182128,0.181139999628067,0.25390000343322755,0.0523999996483326,0.1593400001525879,0.23066000044345855,clipkd_ckd_v1_e16
clipkd_ckd_v1_e16,wit,ms,59504,10000,5,0.3143945634365082,0.323971688747406,0.21445730328559875,0.3988223671913147,0.07598000019788742,0.20994000136852264,0.29855999946594236,0.06621999889612198,0.1907399982213974,0.27634000182151797,clipkd_ckd_v1_e16
clipkd_ckd_v1_e16,wit,my,9941,9941,1,0.2614939510822296,0.24525198340415955,0.17343367636203766,0.3786415755748749,0.036012474447488785,0.08570566028356552,0.11900211125612259,0.020822854712605476,0.06256915628910065,0.0925460234284401,clipkd_ckd_v1_e16
clipkd_ckd_v1_e16,wit,th,55594,10000,5,0.29295802116394043,0.29722166061401367,0.19341251254081726,0.38541531562805176,0.03862000033259392,0.11400000005960464,0.17349999845027925,0.028480000048875808,0.09299999922513962,0.14658000469207763,clipkd_ckd_v1_e16
clipkd_ckd_v1_e16,wit,vi,203979,10000,5,0.31623220443725586,0.3258202075958252,0.2152409553527832,0.3998037278652191,0.06371999979019165,0.1789200037717819,0.2599199950695038,0.05111999958753586,0.15897999703884125,0.2358599990606308,clipkd_ckd_v1_e16
clipkd_ckd_v1_e24,bloom,fil,558,558,1,0.3279750645160675,0.34186017513275146,0.23093007504940033,0.39817875623703003,0.1111111119389534,0.29032257199287415,0.3817204236984253,0.09139785170555115,0.2455197125673294,0.36738350987434387,clipkd_ckd_v1_e24
clipkd_ckd_v1_e24,bloom,id,2169,2169,1,0.34856346249580383,0.3535804748535156,0.28480541706085205,0.40564408898353577,0.04426002874970436,0.13370217382907867,0.20378054678440094,0.030889810994267464,0.09359151870012283,0.15352697670459747,clipkd_ckd_v1_e24
clipkd_ckd_v1_e24,bloom,km,308,308,1,0.3471115529537201,0.3544359803199768,0.285421758890152,0.4012969136238098,0.0357142873108387,0.1428571492433548,0.24025973677635193,0.012987012974917889,0.09090909361839294,0.1461038887500763,clipkd_ckd_v1_e24
clipkd_ckd_v1_e24,bloom,ms,102,102,1,0.326222687959671,0.3478262424468994,0.21445776522159576,0.4033041000366211,0.18627451360225677,0.5490196347236633,0.7156862616539001,0.14705882966518402,0.4901960790157318,0.6274510025978088,clipkd_ckd_v1_e24
clipkd_ckd_v1_e24,bloom,my,419,419,1,0.34045693278312683,0.3576105237007141,0.24995003640651703,0.40715309977531433,0.00477326987311244,0.05489259958267212,0.08114558458328247,0.00477326987311244,0.021479712799191475,0.06443914026021957,clipkd_ckd_v1_e24
clipkd_ckd_v1_e24,bloom,th,3009,3009,1,0.3626231551170349,0.3806372284889221,0.28886207938194275,0.4052054286003113,0.00631439033895731,0.018610835075378418,0.031239613890647888,0.0013293452793732285,0.008308407850563526,0.014622798189520836,clipkd_ckd_v1_e24
clipkd_ckd_v1_e24,bloom,vi,22,22,1,0.3783867061138153,0.3883799910545349,0.3414924442768097,0.4282650947570801,0.13636364042758942,0.3636363744735718,0.5,0.13636364042758942,0.3636363744735718,0.6363636255264282,clipkd_ckd_v1_e24
clipkd_ckd_v1_e24,cgoe,id,223098,10000,5,0.29086101055145264,0.29568779468536377,0.20518085360527039,0.36958539485931396,0.1437399983406067,0.3053599953651428,0.3910400032997131,0.13095999956130983,0.28712000250816344,0.36926000118255614,clipkd_ckd_v1_e24
clipkd_ckd_v1_e24,cgoe,jv,39747,10000,5,0.3212708532810211,0.3297863006591797,0.23859500885009766,0.39062970876693726,0.1827800005674362,0.3872599959373474,0.4832599937915802,0.17806000113487244,0.37055999636650083,0.46263999938964845,clipkd_ckd_v1_e24
clipkd_ckd_v1_e24,cgoe,ms,161397,10000,5,0.2796938717365265,0.2812204360961914,0.19346383213996887,0.3646860420703888,0.1513800024986267,0.30034000277519224,0.37396000027656556,0.14036000072956084,0.28091999888420105,0.3521399974822998,clipkd_ckd_v1_e24
clipkd_ckd_v1_e24,cgoe,su,21238,10000,5,0.33243730664253235,0.3410353660583496,0.25872087478637695,0.3943781554698944,0.18674000203609467,0.41323999762535096,0.5114400029182434,0.18214000165462493,0.3899199962615967,0.4850199997425079,clipkd_ckd_v1_e24
clipkd_ckd_v1_e24,cgoe,th,58433,10000,5,0.2566887438297272,0.2561967372894287,0.17929232120513916,0.3350171744823456,0.033699999749660495,0.0950999990105629,0.14171999990940093,0.026799999922513962,0.08248000144958496,0.1254800006747246,clipkd_ckd_v1_e24
clipkd_ckd_v1_e24,cgoe,vi,199562,10000,5,0.2643927335739136,0.2631831467151642,0.17750458419322968,0.3540153503417969,0.12191999852657318,0.25423999726772306,0.3275399923324585,0.10866000056266785,0.23522000014781952,0.3028999984264374,clipkd_ckd_v1_e24
clipkd_ckd_v1_e24,wit,id,146744,10000,5,0.3158200979232788,0.32434165477752686,0.2382233887910843,0.3807554244995117,0.142179998755455,0.35255999565124513,0.47152000665664673,0.132779997587204,0.3343199908733368,0.4486799955368042,clipkd_ckd_v1_e24
clipkd_ckd_v1_e24,wit,jv,11926,10000,5,0.3168904483318329,0.3264196515083313,0.23639914393424988,0.38202911615371704,0.14013999700546265,0.3455400049686432,0.45106000304222105,0.1292199969291687,0.3168800055980682,0.423580002784729,clipkd_ckd_v1_e24
clipkd_ckd_v1_e24,wit,ms,59504,10000,5,0.31673717498779297,0.3256169557571411,0.23716746270656586,0.3824794292449951,0.13956000208854674,0.3580400049686432,0.4818599998950958,0.13099999725818634,0.34182000160217285,0.4595200002193451,clipkd_ckd_v1_e24
clipkd_ckd_v1_e24,wit,my,9941,9941,1,0.26195889711380005,0.25613850355148315,0.1691846251487732,0.3643224835395813,0.06880595535039902,0.14535760879516602,0.19404485821723938,0.04697716608643532,0.1211145743727684,0.16718639433383942,clipkd_ckd_v1_e24
clipkd_ckd_v1_e24,wit,th,55594,10000,5,0.2930925786495209,0.30139943957328796,0.20489276945590973,0.3667846918106079,0.06904000043869019,0.1968600034713745,0.2871800005435944,0.05568000078201294,0.1709799975156784,0.2558199942111969,clipkd_ckd_v1_e24
clipkd_ckd_v1_e24,wit,vi,203979,10000,5,0.31014108657836914,0.3185468018054962,0.23208588361740112,0.37552306056022644,0.12282000035047531,0.3175000011920929,0.42787999510765073,0.11126000136137008,0.2954200029373169,0.40298000574111936,clipkd_ckd_v1_e24
clipkd_ckd_v1_e32,bloom,fil,558,558,1,0.3531261682510376,0.3590202331542969,0.3109334409236908,0.3910542130470276,0.24372759461402893,0.541218638420105,0.6738350987434387,0.20967741310596466,0.5161290168762207,0.6469534039497375,clipkd_ckd_v1_e32
clipkd_ckd_v1_e32,bloom,id,2169,2169,1,0.3623107969760895,0.366293728351593,0.3247417211532593,0.3965391516685486,0.08898109942674637,0.25541725754737854,0.38266482949256897,0.06869525462388992,0.22268326580524445,0.3236514627933502,clipkd_ckd_v1_e32
clipkd_ckd_v1_e32,bloom,km,308,308,1,0.35351642966270447,0.3561948537826538,0.313889741897583,0.3904384970664978,0.0714285746216774,0.30844154953956604,0.4967532455921173,0.02922077849507332,0.19480518996715546,0.3311688303947449,clipkd_ckd_v1_e32
clipkd_ckd_v1_e32,bloom,ms,102,102,1,0.35025742650032043,0.36253511905670166,0.27589815855026245,0.39554062485694885,0.30392158031463623,0.7745097875595093,0.9019607901573181,0.2450980395078659,0.6960784196853638,0.8725489974021912,clipkd_ckd_v1_e32
clipkd_ckd_v1_e32,bloom,my,419,419,1,0.35949939489364624,0.36661046743392944,0.31007447838783264,0.40165242552757263,0.02386634796857834,0.12887828052043915,0.2243436723947525,0.03102625347673893,0.10978519916534424,0.16706444323062897,clipkd_ckd_v1_e32
clipkd_ckd_v1_e32,bloom,th,3009,3009,1,0.37179145216941833,0.3805655539035797,0.3308470845222473,0.4013458788394928,0.016284480690956116,0.044865403324365616,0.06846128404140472,0.00631439033895731,0.02027251571416855,0.03688933327794075,clipkd_ckd_v1_e32
clipkd_ckd_v1_e32,bloom,vi,22,22,1,0.38848182559013367,0.39176830649375916,0.34680473804473877,0.40931057929992676,0.04545454680919647,0.5,0.7272727489471436,0.0,0.40909090638160706,0.6818181872367859,clipkd_ckd_v1_e32
clipkd_ckd_v1_e32,cgoe,id,223098,10000,5,0.3393838405609131,0.34672343730926514,0.2875186800956726,0.38168099522590637,0.31995999813079834,0.6253399968147277,0.7327600121498108,0.335699999332428,0.6148599982261658,0.714740002155304,clipkd_ckd_v1_e32
clipkd_ckd_v1_e32,cgoe,jv,39747,10000,5,0.3462395966053009,0.3519032895565033,0.30328261852264404,0.382997065782547,0.3462000012397766,0.6772199988365173,0.781820011138916,0.3634999990463257,0.6642399907112122,0.7597800016403198,clipkd_ckd_v1_e32
clipkd_ckd_v1_e32,cgoe,ms,161397,10000,5,0.33577361702919006,0.34430423378944397,0.27901530265808105,0.38073572516441345,0.3209399998188019,0.595579993724823,0.6895399928092957,0.33122000098228455,0.5831200003623962,0.673420000076294,clipkd_ckd_v1_e32
clipkd_ckd_v1_e32,cgoe,su,21238,10000,5,0.35430556535720825,0.3587016463279724,0.3172776401042938,0.3870092034339905,0.35157999992370603,0.7108799934387207,0.8161400079727172,0.3650999963283539,0.6889999985694886,0.7889600038528443,clipkd_ckd_v1_e32
clipkd_ckd_v1_e32,cgoe,th,58433,10000,5,0.31771764159202576,0.3250538110733032,0.2506624460220337,0.37378016114234924,0.10185999870300293,0.26309999227523806,0.35437999963760375,0.08783999979496002,0.23113999962806703,0.3135999977588654,clipkd_ckd_v1_e32
clipkd_ckd_v1_e32,cgoe,vi,199562,10000,5,0.32690414786338806,0.33523017168045044,0.2659820020198822,0.3761962652206421,0.27116000056266787,0.5434200048446656,0.6447200179100037,0.28483999967575074,0.5305800080299378,0.6294800162315368,clipkd_ckd_v1_e32
clipkd_ckd_v1_e32,wit,id,146744,10000,5,0.34519803524017334,0.35068899393081665,0.30248335003852844,0.3819406032562256,0.25126000344753263,0.5908599972724915,0.7328199982643128,0.2648200035095215,0.5789200186729431,0.7107600092887878,clipkd_ckd_v1_e32
clipkd_ckd_v1_e32,wit,jv,11926,10000,5,0.34845128655433655,0.3541880249977112,0.30763623118400574,0.3832550644874573,0.25070000290870664,0.5824400067329407,0.7149999976158142,0.2683399975299835,0.5715000033378601,0.696720016002655,clipkd_ckd_v1_e32
clipkd_ckd_v1_e32,wit,ms,59504,10000,5,0.34629499912261963,0.35164377093315125,0.30441930890083313,0.3823777735233307,0.25628000497817993,0.6021000027656556,0.7427199959754944,0.26686000227928164,0.5892599821090698,0.720639991760254,clipkd_ckd_v1_e32
clipkd_ckd_v1_e32,wit,my,9941,9941,1,0.3138616979122162,0.32581767439842224,0.23708534240722656,0.3705219030380249,0.099285788834095,0.2536967992782593,0.34694698452949524,0.10250477492809296,0.25470274686813354,0.33920130133628845,clipkd_ckd_v1_e32
clipkd_ckd_v1_e32,wit,th,55594,10000,5,0.3373100459575653,0.34468874335289,0.28396520018577576,0.38014134764671326,0.14370000064373017,0.39860000014305114,0.5423799991607666,0.13989999890327454,0.379040002822876,0.5133000016212463,clipkd_ckd_v1_e32
clipkd_ckd_v1_e32,wit,vi,203979,10000,5,0.34241002798080444,0.3475058972835541,0.29838141798973083,0.38011667132377625,0.21533999741077423,0.5234600067138672,0.6619199991226197,0.22123999893665314,0.507420003414154,0.6358999967575073,clipkd_ckd_v1_e32
clipkd_ckd_v1_e8,bloom,fil,558,558,1,0.3224669396877289,0.3532507121562958,0.17696964740753174,0.4260629117488861,0.02150537632405758,0.08960573375225067,0.1362007111310959,0.00716845877468586,0.051971327513456345,0.0788530483841896,clipkd_ckd_v1_e8
clipkd_ckd_v1_e8,bloom,id,2169,2169,1,0.35899725556373596,0.3806716799736023,0.25373896956443787,0.4293871223926544,0.006915629375725985,0.037344399839639664,0.060857538133859634,0.009220839478075504,0.02766251750290394,0.043798986822366714,clipkd_ckd_v1_e8
clipkd_ckd_v1_e8,bloom,km,308,308,1,0.3040620982646942,0.3096452057361603,0.19860538840293884,0.40486133098602295,0.006493506487458944,0.02922077849507332,0.05844155699014664,0.0,0.016233766451478004,0.04545454680919647,clipkd_ckd_v1_e8
clipkd_ckd_v1_e8,bloom,ms,102,102,1,0.26945817470550537,0.26771384477615356,0.1499893218278885,0.37921658158302307,0.0784313753247261,0.23529411852359772,0.3921568691730499,0.06862745434045792,0.2549019753932953,0.3235294222831726,clipkd_ckd_v1_e8
clipkd_ckd_v1_e8,bloom,my,419,419,1,0.2798107862472534,0.26823967695236206,0.16757115721702576,0.4002147614955902,0.0071599045768380165,0.021479712799191475,0.052505966275930405,0.00477326987311244,0.014319809153676033,0.03579952195286751,clipkd_ckd_v1_e8
clipkd_ckd_v1_e8,bloom,th,3009,3009,1,0.3949739336967468,0.42109739780426025,0.25134527683258057,0.49216797947883606,0.0009970089886337519,0.0046527087688446045,0.00963775347918272,0.0009970089886337519,0.005317381117492914,0.008640744723379612,clipkd_ckd_v1_e8
clipkd_ckd_v1_e8,bloom,vi,22,22,1,0.1998327374458313,0.19942477345466614,0.14498589932918549,0.24994447827339172,0.04545454680919647,0.3636363744735718,0.5909090638160706,0.04545454680919647,0.3181818127632141,0.5909090638160706,clipkd_ckd_v1_e8
clipkd_ckd_v1_e8,cgoe,id,223098,10000,5,0.27641183137893677,0.276186466217041,0.19066189229488373,0.36381223797798157,0.02021999955177307,0.06326000094413757,0.09711999893188476,0.014840000122785569,0.04954000040888786,0.07806000113487244,clipkd_ckd_v1_e8
clipkd_ckd_v1_e8,cgoe,jv,39747,10000,5,0.29086917638778687,0.2935069799423218,0.19792219996452332,0.3800995647907257,0.021780000254511832,0.061739999800920486,0.09285999983549117,0.01285999994724989,0.045980000495910646,0.07236000001430512,clipkd_ckd_v1_e8
clipkd_ckd_v1_e8,cgoe,ms,161397,10000,5,0.25838562846183777,0.25527894496917725,0.17629782855510712,0.34677720069885254,0.019259999692440032,0.055320000648498534,0.08350000083446503,0.01245999988168478,0.04184000045061111,0.06620000004768371,clipkd_ckd_v1_e8
clipkd_ckd_v1_e8,cgoe,su,21238,10000,5,0.2980705797672272,0.3007391095161438,0.2101282924413681,0.38293519616127014,0.021140000224113463,0.06251999959349633,0.09310000091791153,0.011780000105500222,0.03757999986410141,0.05869999974966049,clipkd_ckd_v1_e8
clipkd_ckd_v1_e8,cgoe,th,58433,10000,5,0.2573179602622986,0.2544918656349182,0.1790061742067337,0.34204474091529846,0.005940000060945749,0.022979999706149102,0.03898000046610832,0.004040000028908253,0.018380000069737435,0.032999999821186066,clipkd_ckd_v1_e8
clipkd_ckd_v1_e8,cgoe,vi,199562,10000,5,0.2585471272468567,0.25848066806793213,0.17918971180915833,0.33827638626098633,0.015960000082850458,0.04990000054240227,0.07632000148296356,0.010700000077486038,0.03549999967217445,0.05656000003218651,clipkd_ckd_v1_e8
clipkd_ckd_v1_e8,wit,id,146744,10000,5,0.3200557827949524,0.3286464810371399,0.21064992249011993,0.41485831141471863,0.0503600001335144,0.14619999825954438,0.2146800011396408,0.03759999945759773,0.12080000042915344,0.18491999804973602,clipkd_ckd_v1_e8
clipkd_ckd_v1_e8,wit,jv,11926,10000,5,0.30353954434394836,0.31038790941238403,0.1878495216369629,0.4098452627658844,0.039500000327825545,0.11953999996185302,0.17496000230312347,0.029820000380277635,0.09608000069856644,0.14698000252246857,clipkd_ckd_v1_e8
clipkd_ckd_v1_e8,wit,ms,59504,10000,5,0.3194237947463989,0.3280569612979889,0.20941095054149628,0.41472822427749634,0.04926000013947487,0.14801999926567078,0.21808000206947326,0.03886000066995621,0.12494000047445297,0.18950000107288362,clipkd_ckd_v1_e8
clipkd_ckd_v1_e8,wit,my,9941,9941,1,0.2542612552642822,0.23729631304740906,0.16602127254009247,0.37369051575660706,0.027059651911258698,0.06427925080060959,0.09214364737272263,0.013479528948664665,0.04436173290014267,0.06689468026161194,clipkd_ckd_v1_e8
clipkd_ckd_v1_e8,wit,th,55594,10000,5,0.28134727478027344,0.2821581959724426,0.17839810252189636,0.38255706429481506,0.02351999990642071,0.07228000015020371,0.11479999870061874,0.014559999853372575,0.054079999774694444,0.08901999890804291,clipkd_ckd_v1_e8
clipkd_ckd_v1_e8,wit,vi,203979,10000,5,0.3082791268825531,0.3166568875312805,0.1977323442697525,0.40473175048828125,0.036820000410079955,0.11873999983072281,0.181700000166893,0.028300000354647636,0.0980200007557869,0.1574999988079071,clipkd_ckd_v1_e8
clipkd_fdonly_v1_e16,bloom,fil,558,558,1,0.4016258120536804,0.40506601333618164,0.3252160847187042,0.4751015901565552,0.059139784425497055,0.14516128599643707,0.19534049928188324,0.03405017778277397,0.12007168680429459,0.1827957034111023,clipkd_fdonly_v1_e16
clipkd_fdonly_v1_e16,bloom,id,2169,2169,1,0.4262676537036896,0.4305650591850281,0.35408979654312134,0.4949694871902466,0.010603965260088444,0.06270170956850052,0.10142923146486282,0.013370216824114323,0.053019825369119644,0.0922083929181099,clipkd_fdonly_v1_e16
clipkd_fdonly_v1_e16,bloom,km,308,308,1,0.4443344473838806,0.45233768224716187,0.3736552298069,0.5023723840713501,0.016233766451478004,0.055194806307554245,0.10389610379934311,0.003246753243729472,0.016233766451478004,0.04545454680919647,clipkd_fdonly_v1_e16
clipkd_fdonly_v1_e16,bloom,ms,102,102,1,0.3876890540122986,0.3987489938735962,0.30714187026023865,0.4555570185184479,0.0882352963089943,0.3137255012989044,0.47058823704719543,0.12745098769664764,0.38235294818878174,0.5196078419685364,clipkd_fdonly_v1_e16
clipkd_fdonly_v1_e16,bloom,my,419,419,1,0.41890662908554077,0.419918417930603,0.32870739698410034,0.5079822540283203,0.01193317398428917,0.04295942559838295,0.06443914026021957,0.00477326987311244,0.01909307949244976,0.03341288864612579,clipkd_fdonly_v1_e16
clipkd_fdonly_v1_e16,bloom,th,3009,3009,1,0.43357568979263306,0.44434863328933716,0.3717711865901947,0.4780263900756836,0.0029910269659012556,0.011299435049295425,0.02027251571416855,0.002658690558746457,0.008973080664873123,0.018278498202562332,clipkd_fdonly_v1_e16
clipkd_fdonly_v1_e16,bloom,vi,22,22,1,0.358082115650177,0.36154067516326904,0.3388151526451111,0.38137194514274597,0.09090909361839294,0.27272728085517883,0.4545454680919647,0.0,0.09090909361839294,0.5454545617103577,clipkd_fdonly_v1_e16
clipkd_fdonly_v1_e16,cgoe,id,223098,10000,5,0.416424423456192,0.41519978642463684,0.3595675230026245,0.47583404183387756,0.10093999952077866,0.21240000128746034,0.2767199993133545,0.08879999965429305,0.19808000028133393,0.26064000725746156,clipkd_fdonly_v1_e16
clipkd_fdonly_v1_e16,cgoe,jv,39747,10000,5,0.4372807443141937,0.4395363926887512,0.3723450005054474,0.4995248019695282,0.1379599988460541,0.2886799991130829,0.3629800021648407,0.12432000041007996,0.2659599959850311,0.33977999687194826,clipkd_fdonly_v1_e16
clipkd_fdonly_v1_e16,cgoe,ms,161397,10000,5,0.41176867485046387,0.40845543146133423,0.3570899963378906,0.47278812527656555,0.10259999930858613,0.20234000086784362,0.25645999908447265,0.08817999958992004,0.18355999886989594,0.23771999776363373,clipkd_fdonly_v1_e16
clipkd_fdonly_v1_e16,cgoe,su,21238,10000,5,0.44494307041168213,0.44692516326904297,0.37937188148498535,0.5078981518745422,0.13623999655246735,0.3067799985408783,0.3843000054359436,0.1286400005221367,0.28526000380516053,0.36059999465942383,clipkd_fdonly_v1_e16
clipkd_fdonly_v1_e16,cgoe,th,58433,10000,5,0.395845502614975,0.3957084119319916,0.3471693992614746,0.44581279158592224,0.02434000000357628,0.06345999911427498,0.09660000056028366,0.01647999994456768,0.05097999945282936,0.08087999969720841,clipkd_fdonly_v1_e16
clipkd_fdonly_v1_e16,cgoe,vi,199562,10000,5,0.40626057982444763,0.4040743112564087,0.35322344303131104,0.4628811776638031,0.08102000057697296,0.16422000229358674,0.21518000066280366,0.06696000099182128,0.14848000109195708,0.19934000074863434,clipkd_fdonly_v1_e16
clipkd_fdonly_v1_e16,wit,id,146744,10000,5,0.43353471159935,0.43743371963500977,0.3700289726257324,0.4909746050834656,0.09828000068664551,0.2527400016784668,0.34727999567985535,0.0801599994301796,0.21910000145435332,0.3093600034713745,clipkd_fdonly_v1_e16
clipkd_fdonly_v1_e16,wit,jv,11926,10000,5,0.4275844395160675,0.43063899874687195,0.3621954023838043,0.4895480275154114,0.08034000098705292,0.20776000320911409,0.28814000487327573,0.06458000093698502,0.17838000059127807,0.25055999755859376,clipkd_fdonly_v1_e16
clipkd_fdonly_v1_e16,wit,ms,59504,10000,5,0.433658242225647,0.43745774030685425,0.36945629119873047,0.4927445352077484,0.0961200013756752,0.2517399936914444,0.34472000002861025,0.0815200001001358,0.22418000400066376,0.3159599959850311,clipkd_fdonly_v1_e16
clipkd_fdonly_v1_e16,wit,my,9941,9941,1,0.39054074883461,0.38223719596862793,0.3223702907562256,0.4730947017669678,0.04285283014178276,0.09646917134523392,0.1300673931837082,0.024645408615469933,0.07152198255062103,0.10290715098381042,clipkd_fdonly_v1_e16
clipkd_fdonly_v1_e16,wit,th,55594,10000,5,0.4151144325733185,0.4176262617111206,0.3553979694843292,0.47107061743736267,0.04505999982357025,0.13229999840259551,0.1978600025177002,0.03186000064015389,0.10525999963283539,0.16412000060081483,clipkd_fdonly_v1_e16
clipkd_fdonly_v1_e16,wit,vi,203979,10000,5,0.4319910705089569,0.4350273013114929,0.36839956045150757,0.48978114128112793,0.07881999909877777,0.21078000366687774,0.29394000172615053,0.06225999891757965,0.17857999801635743,0.26011999845504763,clipkd_fdonly_v1_e16
clipkd_fdonly_v1_e24,bloom,fil,558,558,1,0.4427303373813629,0.4490123987197876,0.38334348797798157,0.49513354897499084,0.12365591526031494,0.3082437217235565,0.4193548262119293,0.08422938734292984,0.28136199712753296,0.3870967626571655,clipkd_fdonly_v1_e24
clipkd_fdonly_v1_e24,bloom,id,2169,2169,1,0.45752426981925964,0.45879530906677246,0.4159417450428009,0.4987638294696808,0.03550023213028908,0.13969571888446808,0.22544951736927032,0.026740433648228645,0.08990318328142166,0.1420009285211563,clipkd_fdonly_v1_e24
clipkd_fdonly_v1_e24,bloom,km,308,308,1,0.4420989453792572,0.44516026973724365,0.3959366977214813,0.4803175628185272,0.04545454680919647,0.1396103948354721,0.23376622796058655,0.019480518996715546,0.07792207598686218,0.1461038887500763,clipkd_fdonly_v1_e24
clipkd_fdonly_v1_e24,bloom,ms,102,102,1,0.44235408306121826,0.4515434205532074,0.37162113189697266,0.5054852962493896,0.1764705926179886,0.5392156839370728,0.7254902124404907,0.14705882966518402,0.4901960790157318,0.656862735748291,clipkd_fdonly_v1_e24
clipkd_fdonly_v1_e24,bloom,my,419,419,1,0.4310225546360016,0.4403143525123596,0.36783599853515625,0.47620120644569397,0.016706444323062897,0.07159904390573502,0.10023866593837738,0.00238663493655622,0.03341288864612579,0.06205250695347786,clipkd_fdonly_v1_e24
clipkd_fdonly_v1_e24,bloom,th,3009,3009,1,0.4488081932067871,0.4543081521987915,0.41349345445632935,0.47797587513923645,0.006646726280450821,0.02359587885439396,0.0405450314283371,0.0039880359545350075,0.018943170085549355,0.031239613890647888,clipkd_fdonly_v1_e24
clipkd_fdonly_v1_e24,bloom,vi,22,22,1,0.41742953658103943,0.42035534977912903,0.38737982511520386,0.45376327633857727,0.04545454680919647,0.27272728085517883,0.5454545617103577,0.0,0.27272728085517883,0.7727272510528564,clipkd_fdonly_v1_e24
clipkd_fdonly_v1_e24,cgoe,id,223098,10000,5,0.43734273314476013,0.43763986229896545,0.3884407579898834,0.48625871539115906,0.23046000003814698,0.4373399972915649,0.5319799900054931,0.2208600014448166,0.42665999531745913,0.5204199910163879,clipkd_fdonly_v1_e24
clipkd_fdonly_v1_e24,cgoe,jv,39747,10000,5,0.4546176791191101,0.45529791712760925,0.40560784935951233,0.5030847787857056,0.2823599994182587,0.5410200119018554,0.6404400110244751,0.2751800000667572,0.5267600059509278,0.625380003452301,clipkd_fdonly_v1_e24
clipkd_fdonly_v1_e24,cgoe,ms,161397,10000,5,0.43634214997291565,0.43599241971969604,0.3857768177986145,0.48806747794151306,0.24031999707221985,0.4418599963188171,0.5266400098800659,0.2335200011730194,0.4283800065517426,0.515880000591278,clipkd_fdonly_v1_e24
clipkd_fdonly_v1_e24,cgoe,su,21238,10000,5,0.46271273493766785,0.4642491340637207,0.4147666394710541,0.5090934634208679,0.28209999203681946,0.5824599981307983,0.6872400045394897,0.28907999992370603,0.5690199971199036,0.6731199979782104,clipkd_fdonly_v1_e24
clipkd_fdonly_v1_e24,cgoe,th,58433,10000,5,0.40991994738578796,0.4096708297729492,0.369266539812088,0.4510303735733032,0.05099999979138374,0.13143999874591827,0.18695999681949615,0.03980000019073486,0.10855999886989594,0.15891999900341033,clipkd_fdonly_v1_e24
clipkd_fdonly_v1_e24,cgoe,vi,199562,10000,5,0.4286337196826935,0.426766961812973,0.3811122179031372,0.4799596071243286,0.19655999839305877,0.37265999913215636,0.4565400004386902,0.18504000306129456,0.3597200036048889,0.44362000226974485,clipkd_fdonly_v1_e24
clipkd_fdonly_v1_e24,wit,id,146744,10000,5,0.4434637725353241,0.445594847202301,0.3970709443092346,0.48677483201026917,0.19074000120162965,0.43366000056266785,0.5543200016021729,0.1682400017976761,0.40442000031471254,0.5270999908447266,clipkd_fdonly_v1_e24
clipkd_fdonly_v1_e24,wit,jv,11926,10000,5,0.44455984234809875,0.4468609094619751,0.39641058444976807,0.4891018271446228,0.19359999895095825,0.42265999913215635,0.5301999926567078,0.17172000110149382,0.39390000104904177,0.5053799986839295,clipkd_fdonly_v1_e24
clipkd_fdonly_v1_e24,wit,ms,59504,10000,5,0.4431900978088379,0.4453125,0.3954545855522156,0.4881127178668976,0.18122000098228455,0.4221199989318848,0.5442399978637695,0.1632799983024597,0.3957799971103668,0.5173400044441223,clipkd_fdonly_v1_e24
clipkd_fdonly_v1_e24,wit,my,9941,9941,1,0.4093487858772278,0.4046032726764679,0.35457271337509155,0.47278183698654175,0.07946886867284775,0.17110954225063324,0.22341816127300262,0.060456693172454834,0.14042852818965912,0.18911577761173248,clipkd_fdonly_v1_e24
clipkd_fdonly_v1_e24,wit,th,55594,10000,5,0.42574408650398254,0.42758625745773315,0.3791346848011017,0.4691219627857208,0.09262000024318695,0.24022000133991242,0.3377599954605103,0.07189999967813492,0.2072400003671646,0.29938000440597534,clipkd_fdonly_v1_e24
clipkd_fdonly_v1_e24,wit,vi,203979,10000,5,0.44024190306663513,0.44240811467170715,0.393809974193573,0.48297062516212463,0.1602400004863739,0.3740400016307831,0.4878399968147278,0.13801999688148497,0.34544000029563904,0.45870000720024107,clipkd_fdonly_v1_e24
clipkd_fdonly_v1_e32,bloom,fil,558,558,1,0.45508289337158203,0.4548225998878479,0.4255048632621765,0.4859006702899933,0.22580644488334656,0.5573476552963257,0.7114695310592651,0.22580644488334656,0.5770609378814697,0.7222222089767456,clipkd_fdonly_v1_e32
clipkd_fdonly_v1_e32,bloom,id,2169,2169,1,0.4582696557044983,0.45725157856941223,0.42678436636924744,0.4918616712093353,0.0714615061879158,0.24527432024478912,0.3679114878177643,0.05394190922379494,0.1825726181268692,0.2876901924610138,clipkd_fdonly_v1_e32
clipkd_fdonly_v1_e32,bloom,km,308,308,1,0.4462459683418274,0.44875627756118774,0.41066086292266846,0.4808637201786041,0.06818182021379471,0.29870128631591797,0.4545454680919647,0.0357142873108387,0.16558441519737244,0.30519479513168335,clipkd_fdonly_v1_e32
clipkd_fdonly_v1_e32,bloom,ms,102,102,1,0.4588286578655243,0.4592990279197693,0.41970735788345337,0.491136372089386,0.3235294222831726,0.7941176295280457,0.9313725233078003,0.3137255012989044,0.7843137383460999,0.8921568393707275,clipkd_fdonly_v1_e32
clipkd_fdonly_v1_e32,bloom,my,419,419,1,0.4427992105484009,0.44494375586509705,0.4140240550041199,0.4743013381958008,0.040572792291641235,0.1551312655210495,0.2553699314594269,0.01909307949244976,0.10978519916534424,0.17661097645759583,clipkd_fdonly_v1_e32
clipkd_fdonly_v1_e32,bloom,th,3009,3009,1,0.44105395674705505,0.4416976571083069,0.4181900918483734,0.46387290954589844,0.014290462248027325,0.0451977401971817,0.07577268034219742,0.011631770990788937,0.03921568766236305,0.060817547142505646,clipkd_fdonly_v1_e32
clipkd_fdonly_v1_e32,bloom,vi,22,22,1,0.44262874126434326,0.4421452283859253,0.41015082597732544,0.4771340787410736,0.04545454680919647,0.13636364042758942,0.5454545617103577,0.09090909361839294,0.4545454680919647,0.6818181872367859,clipkd_fdonly_v1_e32
clipkd_fdonly_v1_e32,cgoe,id,223098,10000,5,0.45384085178375244,0.4543694257736206,0.41824501752853394,0.4890357553958893,0.45888000130653384,0.7907600045204163,0.8796199917793274,0.4741800010204315,0.7859399914741516,0.8726600050926209,clipkd_fdonly_v1_e32
clipkd_fdonly_v1_e32,cgoe,jv,39747,10000,5,0.45875608921051025,0.45956042408943176,0.42267340421676636,0.4940342903137207,0.45456000566482546,0.7998200058937073,0.8825799942016601,0.4552400052547455,0.786359989643097,0.8705399990081787,clipkd_fdonly_v1_e32
clipkd_fdonly_v1_e32,cgoe,ms,161397,10000,5,0.4536162316799164,0.45437097549438477,0.41770103573799133,0.4887276887893677,0.46539999842643737,0.7917600035667419,0.8770599961280823,0.4863400042057037,0.7954599976539611,0.8762400150299072,clipkd_fdonly_v1_e32
clipkd_fdonly_v1_e32,cgoe,su,21238,10000,5,0.46286988258361816,0.4638463854789734,0.42668280005455017,0.49769315123558044,0.4345199942588806,0.8249000072479248,0.9107800126075745,0.4443000018596649,0.8156399965286255,0.8976999998092652,clipkd_fdonly_v1_e32
clipkd_fdonly_v1_e32,cgoe,th,58433,10000,5,0.4338899552822113,0.4345630407333374,0.3995612859725952,0.46751585602760315,0.15430000126361848,0.37432000041007996,0.48685999512672423,0.13340000212192535,0.33615999221801757,0.44706000089645387,clipkd_fdonly_v1_e32
clipkd_fdonly_v1_e32,cgoe,vi,199562,10000,5,0.4485689699649811,0.449253648519516,0.4116811454296112,0.4846371114253998,0.40485999584197996,0.7157399892807007,0.8138800024986267,0.4169400095939636,0.7174400091171265,0.8074000000953674,clipkd_fdonly_v1_e32
clipkd_fdonly_v1_e32,wit,id,146744,10000,5,0.4550158381462097,0.4552212357521057,0.4218280017375946,0.48824989795684814,0.32570000290870665,0.6936799883842468,0.8271600008010864,0.3253000020980835,0.6799600005149842,0.8109400033950805,clipkd_fdonly_v1_e32
clipkd_fdonly_v1_e32,wit,jv,11926,10000,5,0.458013653755188,0.45836615562438965,0.42601490020751953,0.48996251821517944,0.3264599978923798,0.684060001373291,0.8144200086593628,0.338919997215271,0.6764400005340576,0.7975600004196167,clipkd_fdonly_v1_e32
clipkd_fdonly_v1_e32,wit,ms,59504,10000,5,0.45594820380210876,0.4563899040222168,0.42253774404525757,0.48926159739494324,0.32770000100135804,0.7003600001335144,0.8302199959754943,0.3285599946975708,0.6892799854278564,0.8161199927330017,clipkd_fdonly_v1_e32
clipkd_fdonly_v1_e32,wit,my,9941,9941,1,0.4366014301776886,0.43827342987060547,0.395959734916687,0.4746331572532654,0.16225731372833252,0.36103007197380066,0.47198471426963806,0.14626295864582062,0.33799415826797485,0.4415048658847809,clipkd_fdonly_v1_e32
clipkd_fdonly_v1_e32,wit,th,55594,10000,5,0.44495856761932373,0.4454488754272461,0.4124050736427307,0.47693392634391785,0.18418000042438507,0.46845999360084534,0.6208999991416931,0.17294000089168549,0.45113999843597413,0.5980399966239929,clipkd_fdonly_v1_e32
clipkd_fdonly_v1_e32,wit,vi,203979,10000,5,0.45211854577064514,0.45227718353271484,0.4201245903968811,0.4844000041484833,0.2817200005054474,0.6218199968338013,0.7581599950790405,0.2776799976825714,0.60343998670578,0.7375399947166443,clipkd_fdonly_v1_e32
clipkd_fdonly_v1_e8,bloom,fil,558,558,1,0.37764763832092285,0.3765982389450073,0.2821325957775116,0.4766986072063446,0.0197132620960474,0.09139785170555115,0.15232974290847778,0.016129031777381897,0.051971327513456345,0.09318996220827103,clipkd_fdonly_v1_e8
clipkd_fdonly_v1_e8,bloom,id,2169,2169,1,0.402437299489975,0.4137265682220459,0.30857449769973755,0.47836869955062866,0.010603965260088444,0.04195481911301613,0.06316275149583817,0.005993545521050692,0.027201475575566292,0.0456431545317173,clipkd_fdonly_v1_e8
clipkd_fdonly_v1_e8,bloom,km,308,308,1,0.36683139204978943,0.36523550748825073,0.2799248993396759,0.46350783109664917,0.0,0.016233766451478004,0.0357142873108387,0.003246753243729472,0.03246753290295601,0.04545454680919647,clipkd_fdonly_v1_e8
clipkd_fdonly_v1_e8,bloom,ms,102,102,1,0.34346333146095276,0.34609171748161316,0.25789645314216614,0.4240759313106537,0.10784313827753067,0.28431373834609985,0.45098039507865906,0.0882352963089943,0.28431373834609985,0.4019607901573181,clipkd_fdonly_v1_e8
clipkd_fdonly_v1_e8,bloom,my,419,419,1,0.34235507249832153,0.34176966547966003,0.24245178699493408,0.4408429265022278,0.00477326987311244,0.01193317398428917,0.02386634796857834,0.00238663493655622,0.01193317398428917,0.03102625347673893,clipkd_fdonly_v1_e8
clipkd_fdonly_v1_e8,bloom,th,3009,3009,1,0.39506757259368896,0.40766027569770813,0.30365094542503357,0.4652709662914276,0.0009970089886337519,0.005649717524647713,0.010634762234985828,0.0016616815701127052,0.004320372361689806,0.007976071909070015,clipkd_fdonly_v1_e8
clipkd_fdonly_v1_e8,bloom,vi,22,22,1,0.31591692566871643,0.30377060174942017,0.28324413299560547,0.35915809869766235,0.0,0.22727273404598236,0.4545454680919647,0.04545454680919647,0.1818181872367859,0.3181818127632141,clipkd_fdonly_v1_e8
clipkd_fdonly_v1_e8,cgoe,id,223098,10000,5,0.3727240264415741,0.373953253030777,0.31007683277130127,0.4343644976615906,0.04068000018596649,0.10024000108242034,0.14133999943733216,0.029860000312328338,0.08384000062942505,0.12064000070095063,clipkd_fdonly_v1_e8
clipkd_fdonly_v1_e8,cgoe,jv,39747,10000,5,0.38507723808288574,0.38680702447891235,0.31408974528312683,0.4525417685508728,0.05688000023365021,0.13341999650001526,0.17937999963760376,0.03837999999523163,0.10144000202417373,0.14462000429630278,clipkd_fdonly_v1_e8
clipkd_fdonly_v1_e8,cgoe,ms,161397,10000,5,0.37117624282836914,0.3726179003715515,0.3123093843460083,0.427432656288147,0.03969999998807907,0.09206000119447708,0.12619999945163726,0.0284000001847744,0.0748199999332428,0.1083199992775917,clipkd_fdonly_v1_e8
clipkd_fdonly_v1_e8,cgoe,su,21238,10000,5,0.3840157091617584,0.38405442237854004,0.31151553988456726,0.45610103011131287,0.05363999903202057,0.13604000210762024,0.1834999978542328,0.03742000088095665,0.09697999954223632,0.13748000264167787,clipkd_fdonly_v1_e8
clipkd_fdonly_v1_e8,cgoe,th,58433,10000,5,0.3532067537307739,0.3522190451622009,0.29598715901374817,0.4136393070220947,0.009220000170171262,0.031359999999403955,0.05146000012755394,0.0067599998787045475,0.023659999668598174,0.03919999971985817,clipkd_fdonly_v1_e8
clipkd_fdonly_v1_e8,cgoe,vi,199562,10000,5,0.36753278970718384,0.3697739541530609,0.3082033097743988,0.42211484909057617,0.030420000478625298,0.07505999952554702,0.10665999948978425,0.021459999680519103,0.060819999873638154,0.091559998691082,clipkd_fdonly_v1_e8
clipkd_fdonly_v1_e8,wit,id,146744,10000,5,0.39920467138290405,0.40384209156036377,0.3263128697872162,0.464980810880661,0.06081999912858009,0.1696800023317337,0.2450600028038025,0.04702000021934509,0.14025999903678893,0.21058000028133392,clipkd_fdonly_v1_e8
clipkd_fdonly_v1_e8,wit,jv,11926,10000,5,0.39099398255348206,0.3933981657028198,0.3140723705291748,0.46532130241394043,0.04842000007629395,0.14158000349998473,0.2009799987077713,0.036899999529123303,0.11062000095844268,0.16848000288009643,clipkd_fdonly_v1_e8
clipkd_fdonly_v1_e8,wit,ms,59504,10000,5,0.39983007311820984,0.40414100885391235,0.32498452067375183,0.4681345224380493,0.060900000482797624,0.17181999683380128,0.24824000000953675,0.04754000082612038,0.14369999766349792,0.21555999517440796,clipkd_fdonly_v1_e8
clipkd_fdonly_v1_e8,wit,my,9941,9941,1,0.36031684279441833,0.34867584705352783,0.298403263092041,0.44794750213623047,0.03369882330298424,0.07956945896148682,0.10642792284488678,0.0195151399821043,0.05281158909201622,0.07725580781698227,clipkd_fdonly_v1_e8
clipkd_fdonly_v1_e8,wit,th,55594,10000,5,0.37477362155914307,0.375443696975708,0.30778175592422485,0.4405471384525299,0.024940000101923942,0.07878000140190125,0.1253199979662895,0.016840000078082083,0.058399999886751174,0.09572000056505203,clipkd_fdonly_v1_e8
clipkd_fdonly_v1_e8,wit,vi,203979,10000,5,0.39792966842651367,0.4009528160095215,0.3235226273536682,0.4673987329006195,0.04939999952912331,0.14101999700069429,0.2070800006389618,0.03616000041365623,0.1157600000500679,0.1763399988412857,clipkd_fdonly_v1_e8
clipkd_icl_v1_e16,bloom,fil,558,558,1,0.17795290052890778,0.18194574117660522,0.13210099935531616,0.2195989191532135,0.06989247351884842,0.17562724649906158,0.2383512556552887,0.03405017778277397,0.11469534039497375,0.17204301059246063,clipkd_icl_v1_e16
clipkd_icl_v1_e16,bloom,id,2169,2169,1,0.18891441822052002,0.19260579347610474,0.14782294631004333,0.22512184083461761,0.01844167895615101,0.0714615061879158,0.10603965073823929,0.016136469319462776,0.05578607693314552,0.0912863090634346,clipkd_icl_v1_e16
clipkd_icl_v1_e16,bloom,km,308,308,1,0.17361143231391907,0.17748713493347168,0.13424134254455566,0.20711946487426758,0.009740259498357773,0.06493506580591202,0.12337662279605865,0.006493506487458944,0.022727273404598236,0.06493506580591202,clipkd_icl_v1_e16
clipkd_icl_v1_e16,bloom,ms,102,102,1,0.1595107764005661,0.16111218929290771,0.11720139533281326,0.1995730698108673,0.0784313753247261,0.4313725531101227,0.5686274766921997,0.0882352963089943,0.37254902720451355,0.5980392098426819,clipkd_icl_v1_e16
clipkd_icl_v1_e16,bloom,my,419,419,1,0.17670099437236786,0.1875801980495453,0.12164841592311859,0.22014667093753815,0.00954653974622488,0.04295942559838295,0.07159904390573502,0.00477326987311244,0.03341288864612579,0.06443914026021957,clipkd_icl_v1_e16
clipkd_icl_v1_e16,bloom,th,3009,3009,1,0.17517009377479553,0.18138262629508972,0.12710194289684296,0.21440905332565308,0.005317381117492914,0.016284480690956116,0.027251578867435455,0.004320372361689806,0.013625789433717728,0.021601861342787743,clipkd_icl_v1_e16
clipkd_icl_v1_e16,bloom,vi,22,22,1,0.15394970774650574,0.15085731446743011,0.1306481659412384,0.18269969522953033,0.09090909361839294,0.27272728085517883,0.5909090638160706,0.1818181872367859,0.40909090638160706,0.5454545617103577,clipkd_icl_v1_e16
clipkd_icl_v1_e16,cgoe,id,223098,10000,5,0.17623543739318848,0.17584329843521118,0.14052486419677734,0.2127150446176529,0.09225999861955643,0.20302000045776367,0.2676199972629547,0.0789000004529953,0.18379999697208405,0.24859999716281891,clipkd_icl_v1_e16
clipkd_icl_v1_e16,cgoe,jv,39747,10000,5,0.18937276303768158,0.1908138394355774,0.14770448207855225,0.22875626385211945,0.1201200008392334,0.2666000068187714,0.3415600061416626,0.1046999990940094,0.2353199988603592,0.30760000348091127,clipkd_icl_v1_e16
clipkd_icl_v1_e16,cgoe,ms,161397,10000,5,0.17221444845199585,0.1707068234682083,0.13774465024471283,0.20994868874549866,0.09179999977350235,0.19016000032424926,0.2468799978494644,0.07945999950170517,0.17350000143051147,0.22806000113487243,clipkd_icl_v1_e16
clipkd_icl_v1_e16,cgoe,su,21238,10000,5,0.19434957206249237,0.19601276516914368,0.15160787105560303,0.23436710238456726,0.11578000038862228,0.27513999342918394,0.3535800039768219,0.10381999909877777,0.2427599996328354,0.31697999835014345,clipkd_icl_v1_e16
clipkd_icl_v1_e16,cgoe,th,58433,10000,5,0.16528746485710144,0.16542969644069672,0.13274596631526947,0.1975480020046234,0.025439999997615814,0.07441999912261962,0.11322000175714493,0.019220000132918358,0.06298000067472458,0.09596000015735626,clipkd_icl_v1_e16
clipkd_icl_v1_e16,cgoe,vi,199562,10000,5,0.17054207623004913,0.16973447799682617,0.13689179718494415,0.20582008361816406,0.07470000088214875,0.16095999777317047,0.21526000201702117,0.06275999993085861,0.1461400032043457,0.19778000116348265,clipkd_icl_v1_e16
clipkd_icl_v1_e16,wit,id,146744,10000,5,0.19218091666698456,0.19415348768234253,0.15214061737060547,0.22920989990234375,0.09977999925613404,0.26107999086380007,0.35902000069618223,0.08863999992609024,0.24023999869823456,0.3343999981880188,clipkd_icl_v1_e16
clipkd_icl_v1_e16,wit,jv,11926,10000,5,0.18784406781196594,0.18984687328338623,0.14681553840637207,0.22637689113616943,0.08284000009298324,0.21491999924182892,0.29586000442504884,0.06659999936819076,0.18907999992370605,0.27064000368118285,clipkd_icl_v1_e16
clipkd_icl_v1_e16,wit,ms,59504,10000,5,0.19203515350818634,0.1940355896949768,0.15109050273895264,0.22981254756450653,0.10045999884605408,0.26097999811172484,0.36341999769210814,0.09003999978303909,0.24563999772071837,0.34444000124931334,clipkd_icl_v1_e16
clipkd_icl_v1_e16,wit,my,9941,9941,1,0.16519354283809662,0.16102716326713562,0.12391309440135956,0.21601837873458862,0.045267075300216675,0.10230359435081482,0.14032793045043945,0.02736143209040165,0.07816115021705627,0.11638668179512024,clipkd_icl_v1_e16
clipkd_icl_v1_e16,wit,th,55594,10000,5,0.18172834813594818,0.18309751152992249,0.14345896244049072,0.21800978481769562,0.05399999991059303,0.15461999773979188,0.23012000024318696,0.04050000011920929,0.133160001039505,0.20194000005722046,clipkd_icl_v1_e16
clipkd_icl_v1_e16,wit,vi,203979,10000,5,0.19188521802425385,0.19372451305389404,0.15260933339595795,0.22799581289291382,0.08526000082492828,0.227879998087883,0.3178000032901764,0.07610000073909759,0.2102600008249283,0.3004800021648407,clipkd_icl_v1_e16
clipkd_icl_v1_e24,bloom,fil,558,558,1,0.16937203705310822,0.17206665873527527,0.1269189417362213,0.20718832314014435,0.12007168680429459,0.27419355511665344,0.3978494703769684,0.08243727684020996,0.26523298025131226,0.36021506786346436,clipkd_icl_v1_e24
clipkd_icl_v1_e24,bloom,id,2169,2169,1,0.18263374269008636,0.18304547667503357,0.15140800178050995,0.21295906603336334,0.04057169333100319,0.14153988659381866,0.2203780561685562,0.03550023213028908,0.11526048928499222,0.17242969572544098,clipkd_icl_v1_e24
clipkd_icl_v1_e24,bloom,km,308,308,1,0.17812848091125488,0.18007734417915344,0.14695747196674347,0.20382268726825714,0.0357142873108387,0.12337662279605865,0.20779220759868622,0.019480518996715546,0.055194806307554245,0.10064934939146042,clipkd_icl_v1_e24
clipkd_icl_v1_e24,bloom,ms,102,102,1,0.15874159336090088,0.16651630401611328,0.10790330171585083,0.20112384855747223,0.21568627655506134,0.5490196347236633,0.7254902124404907,0.12745098769664764,0.5490196347236633,0.7745097875595093,clipkd_icl_v1_e24
clipkd_icl_v1_e24,bloom,my,419,419,1,0.16718555986881256,0.17715643346309662,0.11692345142364502,0.199345201253891,0.016706444323062897,0.06443914026021957,0.12410501390695572,0.014319809153676033,0.04534606263041496,0.07637231796979904,clipkd_icl_v1_e24
clipkd_icl_v1_e24,bloom,th,3009,3009,1,0.1744423657655716,0.18042923510074615,0.138950377702713,0.1997043341398239,0.0076437355019152164,0.027916250750422478,0.049185775220394135,0.0016616815701127052,0.017281489446759224,0.03090727888047695,clipkd_icl_v1_e24
clipkd_icl_v1_e24,bloom,vi,22,22,1,0.162589430809021,0.16918332874774933,0.12478962540626526,0.1861318200826645,0.04545454680919647,0.22727273404598236,0.5454545617103577,0.09090909361839294,0.40909090638160706,0.5909090638160706,clipkd_icl_v1_e24
clipkd_icl_v1_e24,cgoe,id,223098,10000,5,0.1633792221546173,0.16368842124938965,0.12866592407226562,0.19779859483242035,0.21076000332832337,0.4136199951171875,0.512119996547699,0.20612000226974486,0.4120800018310547,0.5098000049591065,clipkd_icl_v1_e24
clipkd_icl_v1_e24,cgoe,jv,39747,10000,5,0.17666710913181305,0.1773158758878708,0.14232569932937622,0.21083499491214752,0.25978000164031984,0.5153600096702575,0.6206600069999695,0.2616599977016449,0.5076599955558777,0.6069999933242798,clipkd_icl_v1_e24
clipkd_icl_v1_e24,cgoe,ms,161397,10000,5,0.16179946064949036,0.16165897250175476,0.1257510632276535,0.19855698943138123,0.21791999638080597,0.41146000027656554,0.4992399990558624,0.2165399968624115,0.41362000107765196,0.49939998984336853,clipkd_icl_v1_e24
clipkd_icl_v1_e24,cgoe,su,21238,10000,5,0.18305762112140656,0.18405383825302124,0.14902690052986145,0.21591848134994507,0.2609399974346161,0.5473399996757508,0.6561800122261048,0.27423999905586244,0.5470000028610229,0.6545199990272522,clipkd_icl_v1_e24
clipkd_icl_v1_e24,cgoe,th,58433,10000,5,0.1475701779127121,0.14782854914665222,0.11706773191690445,0.1779879927635193,0.05494000017642975,0.14569999873638154,0.2052999973297119,0.0438400000333786,0.12249999940395355,0.17871999740600586,clipkd_icl_v1_e24
clipkd_icl_v1_e24,cgoe,vi,199562,10000,5,0.1575513333082199,0.15654301643371582,0.12333597987890244,0.19341005384922028,0.18076000213623047,0.3535000026226044,0.43794000148773193,0.17430000007152557,0.3494000017642975,0.4347000062465668,clipkd_icl_v1_e24
clipkd_icl_v1_e24,wit,id,146744,10000,5,0.17191065847873688,0.17326369881629944,0.13907769322395325,0.2027263045310974,0.18315999805927277,0.4274399936199188,0.5510400056838989,0.17186000049114228,0.410999995470047,0.5365800023078918,clipkd_icl_v1_e24
clipkd_icl_v1_e24,wit,jv,11926,10000,5,0.17330902814865112,0.17471814155578613,0.13989225029945374,0.20403802394866943,0.18104000091552735,0.409199994802475,0.5236800074577331,0.16615999937057496,0.39661999940872195,0.5113999962806701,clipkd_icl_v1_e24
clipkd_icl_v1_e24,wit,ms,59504,10000,5,0.17189238965511322,0.17322702705860138,0.1385062336921692,0.20324532687664032,0.1804199993610382,0.419020003080368,0.5475200057029724,0.16777999997138976,0.40663999915122984,0.5334800004959106,clipkd_icl_v1_e24
clipkd_icl_v1_e24,wit,my,9941,9941,1,0.15117000043392181,0.15038546919822693,0.11181078106164932,0.19156093895435333,0.08037421107292175,0.18207423388957977,0.24474398791790009,0.061462629586458206,0.15813298523426056,0.2157730609178543,clipkd_icl_v1_e24
clipkd_icl_v1_e24,wit,th,55594,10000,5,0.1625828891992569,0.1641373336315155,0.12944771349430084,0.19326181709766388,0.1008200004696846,0.264900004863739,0.3729200005531311,0.08441999852657318,0.24082000255584718,0.3414799988269806,clipkd_icl_v1_e24
clipkd_icl_v1_e24,wit,vi,203979,10000,5,0.17070476710796356,0.17222478985786438,0.13856205344200134,0.20063985884189606,0.15986000299453734,0.3834999978542328,0.5056800007820129,0.1474999964237213,0.3683200001716614,0.48938000202178955,clipkd_icl_v1_e24
clipkd_icl_v1_e32,bloom,fil,558,558,1,0.21695561707019806,0.21620291471481323,0.18973423540592194,0.24601644277572632,0.20967741310596466,0.5017921328544617,0.657706081867218,0.18637992441654205,0.5053763389587402,0.6451612710952759,clipkd_icl_v1_e32
clipkd_icl_v1_e32,bloom,id,2169,2169,1,0.2219626009464264,0.22146397829055786,0.19355250895023346,0.251556932926178,0.08022130280733109,0.26141080260276794,0.3881973326206207,0.06592900305986404,0.21484555304050446,0.321346253156662,clipkd_icl_v1_e32
clipkd_icl_v1_e32,bloom,km,308,308,1,0.212904691696167,0.21493308246135712,0.18250598013401031,0.2407752424478531,0.08116883039474487,0.26623377203941345,0.4220779240131378,0.02922077849507332,0.16233766078948975,0.29870128631591797,clipkd_icl_v1_e32
clipkd_icl_v1_e32,bloom,ms,102,102,1,0.21694380044937134,0.2187044322490692,0.18560856580734253,0.24579137563705444,0.44117647409439087,0.7941176295280457,0.9215686321258545,0.343137264251709,0.7156862616539001,0.8823529481887817,clipkd_icl_v1_e32
clipkd_icl_v1_e32,bloom,my,419,419,1,0.20850905776023865,0.21026954054832458,0.18434667587280273,0.23316635191440582,0.05489259958267212,0.16945107281208038,0.2601431906223297,0.028639618307352066,0.11455847322940826,0.16467779874801636,clipkd_icl_v1_e32
clipkd_icl_v1_e32,bloom,th,3009,3009,1,0.2094477117061615,0.20955230295658112,0.18843704462051392,0.23094400763511658,0.021601861342787743,0.06380857527256012,0.10634762048721313,0.013958125375211239,0.05117979273200035,0.08507809787988663,clipkd_icl_v1_e32
clipkd_icl_v1_e32,bloom,vi,22,22,1,0.22713881731033325,0.22952178120613098,0.19979175925254822,0.25107908248901367,0.1818181872367859,0.5,0.7727272510528564,0.09090909361839294,0.4545454680919647,0.6363636255264282,clipkd_icl_v1_e32
clipkd_icl_v1_e32,cgoe,id,223098,10000,5,0.2176697850227356,0.21885493397712708,0.18784937262535095,0.24634882807731628,0.44297999143600464,0.7758399963378906,0.8691400051116943,0.4658799946308136,0.774779999256134,0.8601799964904785,clipkd_icl_v1_e32
clipkd_icl_v1_e32,cgoe,jv,39747,10000,5,0.22214318811893463,0.223150834441185,0.19360733032226562,0.24955682456493378,0.4489399969577789,0.7944200038909912,0.8793199896812439,0.4546199977397919,0.7836399912834168,0.8669399976730346,clipkd_icl_v1_e32
clipkd_icl_v1_e32,cgoe,ms,161397,10000,5,0.21772828698158264,0.21905125677585602,0.18834425508975983,0.2460012584924698,0.4595800042152405,0.785480010509491,0.8749400019645691,0.48276000618934634,0.7869400143623352,0.869539999961853,clipkd_icl_v1_e32
clipkd_icl_v1_e32,cgoe,su,21238,10000,5,0.22470346093177795,0.22568288445472717,0.19691069424152374,0.25130853056907654,0.42804000377655027,0.8167199969291687,0.9055200099945069,0.44518000483512876,0.805459988117218,0.8923799872398377,clipkd_icl_v1_e32
clipkd_icl_v1_e32,cgoe,th,58433,10000,5,0.20418132841587067,0.20548290014266968,0.1726585179567337,0.2341552972793579,0.17091999650001527,0.41619999408721925,0.5404800057411194,0.1561800003051758,0.38922000527381895,0.5110600113868713,clipkd_icl_v1_e32
clipkd_icl_v1_e32,cgoe,vi,199562,10000,5,0.21404998004436493,0.2154509723186493,0.18289199471473694,0.24366457760334015,0.40356000065803527,0.7195000052452087,0.8157799959182739,0.4256600022315979,0.7188200116157532,0.8086000084877014,clipkd_icl_v1_e32
clipkd_icl_v1_e32,wit,id,146744,10000,5,0.2223208099603653,0.2230236679315567,0.192113995552063,0.25205469131469727,0.31146000027656556,0.6785799860954285,0.8154000043869019,0.3245199978351593,0.6721400022506714,0.8023800015449524,clipkd_icl_v1_e32
clipkd_icl_v1_e32,wit,jv,11926,10000,5,0.22550657391548157,0.2262333631515503,0.19620802998542786,0.25458380579948425,0.3130799949169159,0.6614000082015992,0.7929800033569336,0.32400000691413877,0.6608399987220764,0.7834999918937683,clipkd_icl_v1_e32
clipkd_icl_v1_e32,wit,ms,59504,10000,5,0.22351238131523132,0.2241610288619995,0.1931796371936798,0.253680944442749,0.31350000500679015,0.686520004272461,0.8219000101089478,0.32239999771118166,0.677400004863739,0.8089800000190734,clipkd_icl_v1_e32
clipkd_icl_v1_e32,wit,my,9941,9941,1,0.21210694313049316,0.21460412442684174,0.1772986650466919,0.24258889257907867,0.17171311378479004,0.415652334690094,0.5514535903930664,0.1659792810678482,0.398652046918869,0.5308319330215454,clipkd_icl_v1_e32
clipkd_icl_v1_e32,wit,th,55594,10000,5,0.21646526455879211,0.21722304821014404,0.1868494153022766,0.24577447772026062,0.19893999993801117,0.5126799941062927,0.6730200171470642,0.19539999961853027,0.5013600051403045,0.6539400100708008,clipkd_icl_v1_e32
clipkd_icl_v1_e32,wit,vi,203979,10000,5,0.22033460438251495,0.22105328738689423,0.19122235476970673,0.24923349916934967,0.27814000248909,0.6205000042915344,0.7606999993324279,0.2820999979972839,0.6138399958610534,0.7458399891853332,clipkd_icl_v1_e32
clipkd_icl_v1_e8,bloom,fil,558,558,1,0.228884756565094,0.23165574669837952,0.14221036434173584,0.3147246837615967,0.030465949326753616,0.10752688348293304,0.16129031777381897,0.016129031777381897,0.06810035556554794,0.09318996220827103,clipkd_icl_v1_e8
clipkd_icl_v1_e8,bloom,id,2169,2169,1,0.252232164144516,0.2591555714607239,0.18047302961349487,0.3144153356552124,0.014292300678789616,0.048870448023080826,0.07976026087999344,0.00968188140541315,0.04149377718567848,0.06869525462388992,clipkd_icl_v1_e8
clipkd_icl_v1_e8,bloom,km,308,308,1,0.22452013194561005,0.2284860908985138,0.1417970210313797,0.3031901717185974,0.003246753243729472,0.016233766451478004,0.04220779240131378,0.003246753243729472,0.02922077849507332,0.048701297491788864,clipkd_icl_v1_e8
clipkd_icl_v1_e8,bloom,ms,102,102,1,0.2037334442138672,0.20721174776554108,0.11759139597415924,0.27363482117652893,0.12745098769664764,0.3333333432674408,0.46078431606292725,0.09803921729326248,0.2450980395078659,0.4019607901573181,clipkd_icl_v1_e8
clipkd_icl_v1_e8,bloom,my,419,419,1,0.20402923226356506,0.1971237063407898,0.11782505363225937,0.2989867329597473,0.0,0.014319809153676033,0.02386634796857834,0.00477326987311244,0.02386634796857834,0.03341288864612579,clipkd_icl_v1_e8
clipkd_icl_v1_e8,bloom,th,3009,3009,1,0.2627255916595459,0.2754150629043579,0.1765054166316986,0.32821348309516907,0.0019940179772675037,0.009970089420676231,0.018610835075378418,0.0009970089886337519,0.004320372361689806,0.007976071909070015,clipkd_icl_v1_e8
clipkd_icl_v1_e8,bloom,vi,22,22,1,0.20235353708267212,0.19637303054332733,0.15480546653270721,0.25635984539985657,0.04545454680919647,0.22727273404598236,0.4545454680919647,0.09090909361839294,0.4545454680919647,0.5909090638160706,clipkd_icl_v1_e8
clipkd_icl_v1_e8,cgoe,id,223098,10000,5,0.2192954421043396,0.2207455337047577,0.16807642579078674,0.26825106143951416,0.042799999564886095,0.11128000020980836,0.1570399969816208,0.03604000061750412,0.1006199985742569,0.14626000225543975,clipkd_icl_v1_e8
clipkd_icl_v1_e8,cgoe,jv,39747,10000,5,0.23209446668624878,0.2349664866924286,0.17540974915027618,0.2846044600009918,0.05527999997138977,0.13806000351905823,0.18992000222206115,0.04442000016570091,0.11852000057697296,0.16756000220775605,clipkd_icl_v1_e8
clipkd_icl_v1_e8,cgoe,ms,161397,10000,5,0.21503819525241852,0.21633009612560272,0.16501691937446594,0.26319897174835205,0.04002000018954277,0.09961999952793121,0.13928000032901763,0.03154000043869019,0.08671999871730804,0.12364000082015991,clipkd_icl_v1_e8
clipkd_icl_v1_e8,cgoe,su,21238,10000,5,0.23507732152938843,0.2370857149362564,0.17975544929504395,0.2878227233886719,0.05307999923825264,0.1396399974822998,0.19169999957084655,0.043240000307559964,0.11597999930381775,0.16106000244617463,clipkd_icl_v1_e8
clipkd_icl_v1_e8,cgoe,th,58433,10000,5,0.20571112632751465,0.20525677502155304,0.1581072062253952,0.2549670338630676,0.014059999771416188,0.04474000036716461,0.07285999953746795,0.009820000268518925,0.037219999730587004,0.06094000115990639,clipkd_icl_v1_e8
clipkd_icl_v1_e8,cgoe,vi,199562,10000,5,0.21067284047603607,0.21222364902496338,0.16128793358802795,0.2575763761997223,0.032600000500679016,0.08644000142812729,0.12396000027656555,0.025280000269412996,0.07331999987363816,0.11050000041723251,clipkd_icl_v1_e8
clipkd_icl_v1_e8,wit,id,146744,10000,5,0.24638491868972778,0.25055214762687683,0.18590766191482544,0.30061256885528564,0.07087999880313874,0.19350000023841857,0.2765399992465973,0.0580999992787838,0.17445999681949614,0.2542800009250641,clipkd_icl_v1_e8
clipkd_icl_v1_e8,wit,jv,11926,10000,5,0.23716586828231812,0.24065032601356506,0.17315120995044708,0.2953726649284363,0.05728000029921532,0.15763999819755553,0.21987999975681305,0.04790000021457672,0.13143999874591827,0.19511999785900117,clipkd_icl_v1_e8
clipkd_icl_v1_e8,wit,ms,59504,10000,5,0.2465406358242035,0.25085800886154175,0.1852313131093979,0.3006800711154938,0.0707600012421608,0.19634000062942505,0.27971999645233153,0.05917999967932701,0.17537999749183655,0.2578200101852417,clipkd_icl_v1_e8
clipkd_icl_v1_e8,wit,my,9941,9941,1,0.21345923840999603,0.20532312989234924,0.15789154171943665,0.2833191752433777,0.03591188043355942,0.08721456676721573,0.12101398408412933,0.02062166854739189,0.05945076048374176,0.08962880820035934,clipkd_icl_v1_e8
clipkd_icl_v1_e8,wit,th,55594,10000,5,0.22869998216629028,0.23088902235031128,0.17028659582138062,0.2843177318572998,0.0313400000333786,0.09907999932765961,0.15527999997138978,0.022940000146627428,0.07914000004529953,0.1287200003862381,clipkd_icl_v1_e8
clipkd_icl_v1_e8,wit,vi,203979,10000,5,0.24574847519397736,0.24916905164718628,0.18414859473705292,0.2998162806034088,0.05718000084161758,0.1693800002336502,0.2467199981212616,0.04861999899148941,0.14957999885082246,0.22324000000953675,clipkd_icl_v1_e8
clipkd_mammoth_bpe_v1_e16,bloom,fil,558,558,1,0.3074503540992737,0.3174079954624176,0.24951329827308655,0.34661704301834106,0.08781362324953079,0.2706093192100525,0.3405017852783203,0.06630824506282806,0.20250895619392395,0.2616487443447113,clipkd_mammoth_bpe_v1_e16
clipkd_mammoth_bpe_v1_e16,bloom,id,2169,2169,1,0.3238914906978607,0.32761794328689575,0.28907307982444763,0.3546563684940338,0.03918856754899025,0.12632550299167633,0.19409866631031036,0.026279391720891,0.08022130280733109,0.13324113190174103,clipkd_mammoth_bpe_v1_e16
clipkd_mammoth_bpe_v1_e16,bloom,km,308,308,1,0.31036123633384705,0.31827062368392944,0.2672234773635864,0.34599924087524414,0.022727273404598236,0.11038961261510849,0.1785714328289032,0.016233766451478004,0.051948051899671555,0.11688311398029327,clipkd_mammoth_bpe_v1_e16
clipkd_mammoth_bpe_v1_e16,bloom,ms,102,102,1,0.31325507164001465,0.31372302770614624,0.26559531688690186,0.3581744134426117,0.1568627506494522,0.5098039507865906,0.6960784196853638,0.13725490868091583,0.4117647111415863,0.6666666865348816,clipkd_mammoth_bpe_v1_e16
clipkd_mammoth_bpe_v1_e16,bloom,my,419,419,1,0.31778112053871155,0.3236314356327057,0.2734632194042206,0.35584837198257446,0.014319809153676033,0.05489259958267212,0.08830548822879791,0.00477326987311244,0.021479712799191475,0.03102625347673893,clipkd_mammoth_bpe_v1_e16
clipkd_mammoth_bpe_v1_e16,bloom,th,3009,3009,1,0.34280896186828613,0.3522326350212097,0.30376726388931274,0.3681659400463104,0.004985044710338116,0.026254570111632347,0.04386839643120766,0.004320372361689806,0.011964107863605022,0.02259887009859085,clipkd_mammoth_bpe_v1_e16
clipkd_mammoth_bpe_v1_e16,bloom,vi,22,22,1,0.3289386034011841,0.33073514699935913,0.30640020966529846,0.35933640599250793,0.09090909361839294,0.3181818127632141,0.5,0.0,0.4545454680919647,0.6363636255264282,clipkd_mammoth_bpe_v1_e16
clipkd_mammoth_bpe_v1_e16,cgoe,id,223098,10000,5,0.27537471055984497,0.27532240748405457,0.23740863800048828,0.3136191666126251,0.0509600006043911,0.13689999878406525,0.19408000111579896,0.040080000460147855,0.11561999768018723,0.16756000220775605,clipkd_mammoth_bpe_v1_e16
clipkd_mammoth_bpe_v1_e16,cgoe,jv,39747,10000,5,0.28717443346977234,0.2903754413127899,0.24681401252746582,0.3223305940628052,0.055780000239610675,0.1512000024318695,0.21516000032424926,0.04818000048398972,0.132260000705719,0.18881999850273132,clipkd_mammoth_bpe_v1_e16
clipkd_mammoth_bpe_v1_e16,cgoe,ms,161397,10000,5,0.2700943648815155,0.26866769790649414,0.23380374908447266,0.30961307883262634,0.049339999258518216,0.12804000079631805,0.17819999754428864,0.038239999860525134,0.10525999963283539,0.15173999667167665,clipkd_mammoth_bpe_v1_e16
clipkd_mammoth_bpe_v1_e16,cgoe,su,21238,10000,5,0.29300642013549805,0.29674986004829407,0.25442028045654297,0.32560300827026367,0.055959999561309814,0.15330000221729279,0.2164200007915497,0.04270000085234642,0.12070000171661377,0.1780200034379959,clipkd_mammoth_bpe_v1_e16
clipkd_mammoth_bpe_v1_e16,cgoe,th,58433,10000,5,0.271911084651947,0.2710305452346802,0.23584897816181183,0.31026336550712585,0.018780000135302545,0.06050000041723251,0.09454000145196914,0.012639999948441982,0.047240000218153,0.07593999952077865,clipkd_mammoth_bpe_v1_e16
clipkd_mammoth_bpe_v1_e16,cgoe,vi,199562,10000,5,0.2678593099117279,0.26714837551116943,0.23150408267974854,0.3060991168022156,0.04245999976992607,0.11182000041007996,0.15988000035285949,0.03229999989271164,0.09093999862670898,0.13394000232219697,clipkd_mammoth_bpe_v1_e16
clipkd_mammoth_bpe_v1_e16,wit,id,146744,10000,5,0.29451361298561096,0.29704806208610535,0.2541581392288208,0.3304747939109802,0.09039999842643738,0.2406599998474121,0.3375200092792511,0.08382000029087067,0.23052000105381013,0.32537999749183655,clipkd_mammoth_bpe_v1_e16
clipkd_mammoth_bpe_v1_e16,wit,jv,11926,10000,5,0.29162317514419556,0.29500144720077515,0.24817535281181335,0.3289608359336853,0.0811599999666214,0.21696000099182128,0.3020600020885468,0.06887999773025513,0.19868000447750092,0.2856599986553192,clipkd_mammoth_bpe_v1_e16
clipkd_mammoth_bpe_v1_e16,wit,ms,59504,10000,5,0.29502159357070923,0.297357439994812,0.2542475759983063,0.3314445912837982,0.09140000194311142,0.24389999508857726,0.3423399984836578,0.0845200002193451,0.235740002989769,0.333020007610321,clipkd_mammoth_bpe_v1_e16
clipkd_mammoth_bpe_v1_e16,wit,my,9941,9941,1,0.27327704429626465,0.26899439096450806,0.2337963730096817,0.3204483091831207,0.03882909193634987,0.09677094966173172,0.13610300421714783,0.027260838076472282,0.07494215667247772,0.10994869470596313,clipkd_mammoth_bpe_v1_e16
clipkd_mammoth_bpe_v1_e16,wit,th,55594,10000,5,0.28897881507873535,0.29167264699935913,0.2465061992406845,0.3270932137966156,0.04612000063061714,0.14017999768257142,0.21166000068187713,0.03708000034093857,0.12060000002384186,0.19092000126838685,clipkd_mammoth_bpe_v1_e16
clipkd_mammoth_bpe_v1_e16,wit,vi,203979,10000,5,0.29316553473472595,0.29646822810173035,0.25251010060310364,0.3285022974014282,0.07600000202655792,0.21092000007629394,0.30284000635147096,0.06969999819993973,0.20280000269412995,0.2894800007343292,clipkd_mammoth_bpe_v1_e16
clipkd_mammoth_bpe_v1_e24,bloom,fil,558,558,1,0.3093753159046173,0.31134581565856934,0.28268393874168396,0.33568140864372253,0.20788531005382538,0.48924732208251953,0.6379928588867188,0.20071685314178467,0.48028674721717834,0.6093189716339111,clipkd_mammoth_bpe_v1_e24
clipkd_mammoth_bpe_v1_e24,bloom,id,2169,2169,1,0.3108423352241516,0.31291741132736206,0.2861591577529907,0.3337547779083252,0.08621484786272049,0.2609497606754303,0.3660673201084137,0.07330567389726639,0.2093130499124527,0.30889812111854553,clipkd_mammoth_bpe_v1_e24
clipkd_mammoth_bpe_v1_e24,bloom,km,308,308,1,0.31931179761886597,0.321685791015625,0.2970283329486847,0.3391396701335907,0.09415584057569504,0.29870128631591797,0.4318181872367859,0.03246753290295601,0.15909090638160706,0.2889610528945923,clipkd_mammoth_bpe_v1_e24
clipkd_mammoth_bpe_v1_e24,bloom,ms,102,102,1,0.3133048713207245,0.3198222219944,0.2795688211917877,0.33951640129089355,0.2647058963775635,0.686274528503418,0.813725471496582,0.23529411852359772,0.686274528503418,0.8529411554336548,clipkd_mammoth_bpe_v1_e24
clipkd_mammoth_bpe_v1_e24,bloom,my,419,419,1,0.321597158908844,0.3261460065841675,0.29293620586395264,0.34374386072158813,0.02386634796857834,0.11694511026144028,0.20286396145820618,0.021479712799191475,0.10739856958389282,0.18138425052165985,clipkd_mammoth_bpe_v1_e24
clipkd_mammoth_bpe_v1_e24,bloom,th,3009,3009,1,0.32689017057418823,0.3300170302391052,0.3058433532714844,0.3448585271835327,0.016616815701127052,0.06048521026968956,0.09072781354188919,0.010634762234985828,0.041542042046785355,0.06580258905887604,clipkd_mammoth_bpe_v1_e24
clipkd_mammoth_bpe_v1_e24,bloom,vi,22,22,1,0.3348991572856903,0.33563005924224854,0.3072371184825897,0.35540780425071716,0.09090909361839294,0.4545454680919647,0.5909090638160706,0.04545454680919647,0.3636363744735718,0.5909090638160706,clipkd_mammoth_bpe_v1_e24
clipkd_mammoth_bpe_v1_e24,cgoe,id,223098,10000,5,0.2854529023170471,0.2875697612762451,0.24848157167434692,0.31927722692489624,0.14163999855518342,0.31777999401092527,0.41206000447273256,0.13224000185728074,0.2962399959564209,0.38796000480651854,clipkd_mammoth_bpe_v1_e24
clipkd_mammoth_bpe_v1_e24,cgoe,jv,39747,10000,5,0.29385697841644287,0.2975614368915558,0.2580338418483734,0.32473188638687134,0.15278000235557557,0.3597800076007843,0.4616400063037872,0.1522599995136261,0.3403199970722198,0.4339800000190735,clipkd_mammoth_bpe_v1_e24
clipkd_mammoth_bpe_v1_e24,cgoe,ms,161397,10000,5,0.2801218330860138,0.28209438920021057,0.24003136157989502,0.31659892201423645,0.1464800000190735,0.3066399931907654,0.3899599969387054,0.132779997587204,0.28706000447273256,0.3683999955654144,clipkd_mammoth_bpe_v1_e24
clipkd_mammoth_bpe_v1_e24,cgoe,su,21238,10000,5,0.2998969554901123,0.3031865954399109,0.2690768241882324,0.32621458172798157,0.16213999986648558,0.38055999875068663,0.4864599943161011,0.1512800008058548,0.3507799983024597,0.4482999980449677,clipkd_mammoth_bpe_v1_e24
clipkd_mammoth_bpe_v1_e24,cgoe,th,58433,10000,5,0.2712920904159546,0.2711023688316345,0.2357853800058365,0.3077940344810486,0.03761999979615212,0.10921999961137771,0.16222000420093535,0.029420000314712525,0.09249999970197678,0.13884000182151796,clipkd_mammoth_bpe_v1_e24
clipkd_mammoth_bpe_v1_e24,cgoe,vi,199562,10000,5,0.2738015651702881,0.27422523498535156,0.2350856065750122,0.31204649806022644,0.1199400007724762,0.2628600001335144,0.341540002822876,0.10696000009775161,0.24719999432563783,0.3228400111198425,clipkd_mammoth_bpe_v1_e24
clipkd_mammoth_bpe_v1_e24,wit,id,146744,10000,5,0.29732587933540344,0.30064165592193604,0.2641545832157135,0.32534992694854736,0.1517400026321411,0.37811999917030337,0.5019800066947937,0.1502399981021881,0.36632000207901,0.48736000061035156,clipkd_mammoth_bpe_v1_e24
clipkd_mammoth_bpe_v1_e24,wit,jv,11926,10000,5,0.295651376247406,0.29922541975975037,0.26032644510269165,0.3252401351928711,0.13533999919891357,0.34380000829696655,0.4543600082397461,0.1318200021982193,0.32760000228881836,0.43509999513626096,clipkd_mammoth_bpe_v1_e24
clipkd_mammoth_bpe_v1_e24,wit,ms,59504,10000,5,0.2983441650867462,0.30130159854888916,0.26597943902015686,0.3263493776321411,0.15534000098705292,0.39248000383377074,0.5174999952316284,0.15284000039100648,0.3803600013256073,0.5048400044441224,clipkd_mammoth_bpe_v1_e24
clipkd_mammoth_bpe_v1_e24,wit,my,9941,9941,1,0.274650514125824,0.274896502494812,0.2338254749774933,0.3151527941226959,0.06709586828947067,0.15813298523426056,0.21818730235099792,0.05140328034758568,0.13399054110050201,0.1881098449230194,clipkd_mammoth_bpe_v1_e24
clipkd_mammoth_bpe_v1_e24,wit,th,55594,10000,5,0.28723251819610596,0.2910626530647278,0.24948832392692566,0.3185670077800751,0.08361999839544296,0.23787999749183655,0.33977999687194826,0.07041999995708466,0.21471999883651732,0.3126600027084351,clipkd_mammoth_bpe_v1_e24
clipkd_mammoth_bpe_v1_e24,wit,vi,203979,10000,5,0.2937696576118469,0.2969779372215271,0.2605956792831421,0.3222280740737915,0.13212000131607055,0.3375800013542175,0.4535400032997131,0.12708000242710113,0.3245999991893768,0.43664000034332273,clipkd_mammoth_bpe_v1_e24
clipkd_mammoth_bpe_v1_e32,bloom,fil,558,558,1,0.3223476707935333,0.3233853876590729,0.3084462881088257,0.3360600471496582,0.43189963698387146,0.8458781242370605,0.939068078994751,0.41756272315979004,0.8046594858169556,0.9193548560142517,clipkd_mammoth_bpe_v1_e32
clipkd_mammoth_bpe_v1_e32,bloom,id,2169,2169,1,0.32349202036857605,0.32452791929244995,0.3084077835083008,0.3376755118370056,0.19824804365634918,0.5080682635307312,0.6602120995521545,0.16136468946933746,0.42923006415367126,0.589211642742157,clipkd_mammoth_bpe_v1_e32
clipkd_mammoth_bpe_v1_e32,bloom,km,308,308,1,0.3259129822254181,0.32705819606781006,0.308847576379776,0.34045150876045227,0.25,0.6103895902633667,0.8084415793418884,0.12337662279605865,0.4577922224998474,0.6818181872367859,clipkd_mammoth_bpe_v1_e32
clipkd_mammoth_bpe_v1_e32,bloom,ms,102,102,1,0.3235989511013031,0.3257042467594147,0.30365926027297974,0.33574849367141724,0.5098039507865906,0.8529411554336548,0.9901960492134094,0.45098039507865906,0.8725489974021912,0.9607843160629272,clipkd_mammoth_bpe_v1_e32
clipkd_mammoth_bpe_v1_e32,bloom,my,419,419,1,0.3291926681995392,0.33149453997612,0.3119879364967346,0.34507444500923157,0.10739856958389282,0.3293555974960327,0.48926013708114624,0.06205250695347786,0.28639617562294006,0.40811455249786377,clipkd_mammoth_bpe_v1_e32
clipkd_mammoth_bpe_v1_e32,bloom,th,3009,3009,1,0.33455371856689453,0.33625608682632446,0.31924405694007874,0.34811851382255554,0.04220671206712723,0.12296444177627563,0.19873711466789246,0.031239613890647888,0.09936855733394623,0.1478896588087082,clipkd_mammoth_bpe_v1_e32
clipkd_mammoth_bpe_v1_e32,bloom,vi,22,22,1,0.33067524433135986,0.3348783850669861,0.31047967076301575,0.3458877205848694,0.09090909361839294,0.6818181872367859,0.8636363744735718,0.1818181872367859,0.5454545617103577,0.7272727489471436,clipkd_mammoth_bpe_v1_e32
clipkd_mammoth_bpe_v1_e32,cgoe,id,223098,10000,5,0.30996760725975037,0.3129240870475769,0.2862826883792877,0.3299466371536255,0.33709999918937683,0.6417200088500976,0.7517199873924255,0.3401400029659271,0.6224200010299683,0.730079996585846,clipkd_mammoth_bpe_v1_e32
clipkd_mammoth_bpe_v1_e32,cgoe,jv,39747,10000,5,0.31173354387283325,0.31412041187286377,0.29093530774116516,0.3300248384475708,0.3253000020980835,0.6538399934768677,0.7658799886703491,0.3338399946689606,0.6277800083160401,0.7309800028800965,clipkd_mammoth_bpe_v1_e32
clipkd_mammoth_bpe_v1_e32,cgoe,ms,161397,10000,5,0.30892226099967957,0.31209608912467957,0.2847732901573181,0.32904139161109924,0.3461199998855591,0.6315999984741211,0.7299800038337707,0.3423200070858002,0.6167800068855286,0.7154000043869019,clipkd_mammoth_bpe_v1_e32
clipkd_mammoth_bpe_v1_e32,cgoe,su,21238,10000,5,0.3156399726867676,0.31759604811668396,0.2971556782722473,0.3318500816822052,0.32868000864982605,0.6735200047492981,0.7845400094985961,0.3284999966621399,0.6360999941825867,0.744819974899292,clipkd_mammoth_bpe_v1_e32
clipkd_mammoth_bpe_v1_e32,cgoe,th,58433,10000,5,0.30141204595565796,0.3048354983329773,0.2697433531284332,0.32765403389930725,0.1198400005698204,0.30227999687194823,0.4065000057220459,0.1025399997830391,0.2658800005912781,0.3643199920654297,clipkd_mammoth_bpe_v1_e32
clipkd_mammoth_bpe_v1_e32,cgoe,vi,199562,10000,5,0.3039291501045227,0.3071562349796295,0.27754518389701843,0.32618874311447144,0.3032599985599518,0.580239999294281,0.6821400046348571,0.30468000173568727,0.5659600019454956,0.6676599979400635,clipkd_mammoth_bpe_v1_e32
clipkd_mammoth_bpe_v1_e32,mammoth,all,398170,10000,5,0.30882471799850464,0.311069130897522,0.27266907691955566,0.3429010212421417,0.15288000106811522,0.2883799970149994,0.3550399959087372,0.14552000164985657,0.28716000318527224,0.35062000155448914,clipkd_mammoth_bpe_v1_e32
clipkd_mammoth_bpe_v1_e32,wit,id,146744,10000,5,0.31210392713546753,0.31451308727264404,0.29073840379714966,0.33059456944465637,0.2563199996948242,0.5926200032234192,0.7345200061798096,0.2651199996471405,0.5752799868583679,0.7063200116157532,clipkd_mammoth_bpe_v1_e32
clipkd_mammoth_bpe_v1_e32,wit,jv,11926,10000,5,0.31399235129356384,0.3164691925048828,0.29373228549957275,0.33156245946884155,0.26277999877929686,0.6029600024223327,0.7355800032615661,0.2697000026702881,0.5800199985504151,0.7044600009918213,clipkd_mammoth_bpe_v1_e32
clipkd_mammoth_bpe_v1_e32,wit,ms,59504,10000,5,0.31288260221481323,0.31522613763809204,0.29171082377433777,0.3313465118408203,0.2685000002384186,0.60731999874115,0.7451400041580201,0.2712200045585632,0.5890200018882752,0.7186400055885315,clipkd_mammoth_bpe_v1_e32
clipkd_mammoth_bpe_v1_e32,wit,my,9941,9941,1,0.30408671498298645,0.3077336549758911,0.2744954228401184,0.32706063985824585,0.12362941354513168,0.32290515303611755,0.4421084523200989,0.13046976923942566,0.3163665533065796,0.4210844039916992,clipkd_mammoth_bpe_v1_e32
clipkd_mammoth_bpe_v1_e32,wit,th,55594,10000,5,0.3107907176017761,0.31379634141921997,0.2869122326374054,0.3307551443576813,0.17077999711036682,0.4565200090408325,0.6068599939346313,0.16482000350952147,0.43245999813079833,0.5735799908638001,clipkd_mammoth_bpe_v1_e32
clipkd_mammoth_bpe_v1_e32,wit,vi,203979,10000,5,0.31116580963134766,0.3134927749633789,0.2895706295967102,0.32984745502471924,0.2284799963235855,0.5359400033950805,0.6746799945831299,0.23206000328063964,0.5185999989509582,0.6495599865913391,clipkd_mammoth_bpe_v1_e32
clipkd_mammoth_bpe_v1_e8,bloom,fil,558,558,1,0.29998379945755005,0.30780667066574097,0.2433640956878662,0.3381168246269226,0.05734767019748688,0.15412186086177826,0.23476701974868774,0.023297490552067757,0.08422938734292984,0.14874552190303802,clipkd_mammoth_bpe_v1_e8
clipkd_mammoth_bpe_v1_e8,bloom,id,2169,2169,1,0.31301844120025635,0.31709522008895874,0.2720080018043518,0.34742212295532227,0.023974182084202766,0.06639004498720169,0.10788381844758987,0.013370216824114323,0.037344399839639664,0.0654679611325264,clipkd_mammoth_bpe_v1_e8
clipkd_mammoth_bpe_v1_e8,bloom,km,308,308,1,0.3012998402118683,0.3084428310394287,0.24546746909618378,0.3412570357322693,0.009740259498357773,0.04545454680919647,0.07792207598686218,0.009740259498357773,0.02922077849507332,0.07792207598686218,clipkd_mammoth_bpe_v1_e8
clipkd_mammoth_bpe_v1_e8,bloom,ms,102,102,1,0.2754344344139099,0.2770383656024933,0.19825470447540283,0.34304654598236084,0.0882352963089943,0.27450981736183167,0.4117647111415863,0.0784313753247261,0.29411765933036804,0.4019607901573181,clipkd_mammoth_bpe_v1_e8
clipkd_mammoth_bpe_v1_e8,bloom,my,419,419,1,0.313106894493103,0.3221518397331238,0.25509127974510193,0.35772672295570374,0.00954653974622488,0.04295942559838295,0.07159904390573502,0.0,0.02386634796857834,0.040572792291641235,clipkd_mammoth_bpe_v1_e8
clipkd_mammoth_bpe_v1_e8,bloom,th,3009,3009,1,0.32385188341140747,0.3343712091445923,0.2637248635292053,0.365285187959671,0.0046527087688446045,0.011964107863605022,0.019940178841352463,0.0013293452793732285,0.004985044710338116,0.0076437355019152164,clipkd_mammoth_bpe_v1_e8
clipkd_mammoth_bpe_v1_e8,bloom,vi,22,22,1,0.2679020166397095,0.2652427554130554,0.2329094409942627,0.3057597577571869,0.04545454680919647,0.3181818127632141,0.5,0.04545454680919647,0.3181818127632141,0.5909090638160706,clipkd_mammoth_bpe_v1_e8
clipkd_mammoth_bpe_v1_e8,cgoe,id,223098,10000,5,0.2628958523273468,0.2625501751899719,0.22173696756362915,0.30467963218688965,0.024940000101923942,0.0741799995303154,0.11288000047206878,0.01948000006377697,0.061700000613927844,0.09758000075817108,clipkd_mammoth_bpe_v1_e8
clipkd_mammoth_bpe_v1_e8,cgoe,jv,39747,10000,5,0.26787275075912476,0.270538866519928,0.22257038950920105,0.3081919848918915,0.019940000027418137,0.062460000067949294,0.0975600004196167,0.01706000044941902,0.05447999984025955,0.08646000176668167,clipkd_mammoth_bpe_v1_e8
clipkd_mammoth_bpe_v1_e8,cgoe,ms,161397,10000,5,0.25511205196380615,0.25304317474365234,0.21715378761291504,0.29753217101097107,0.022259999811649323,0.06589999943971633,0.0995600014925003,0.01666000038385391,0.05300000011920929,0.08286000043153763,clipkd_mammoth_bpe_v1_e8
clipkd_mammoth_bpe_v1_e8,cgoe,su,21238,10000,5,0.2743176221847534,0.2770017981529236,0.23126792907714844,0.31229662895202637,0.02043999992311001,0.06602000147104263,0.10037999898195267,0.01380000002682209,0.04406000077724457,0.06951999962329865,clipkd_mammoth_bpe_v1_e8
clipkd_mammoth_bpe_v1_e8,cgoe,th,58433,10000,5,0.2588312029838562,0.2567736804485321,0.2193756401538849,0.3020566403865814,0.008719999901950359,0.032199999690055846,0.054179999977350235,0.006699999980628491,0.025300000235438345,0.04538000002503395,clipkd_mammoth_bpe_v1_e8
clipkd_mammoth_bpe_v1_e8,cgoe,vi,199562,10000,5,0.25246956944465637,0.2506251931190491,0.2134108543395996,0.29496896266937256,0.020900000259280203,0.06176000088453293,0.09572000056505203,0.01529999990016222,0.048120000213384626,0.07636000066995621,clipkd_mammoth_bpe_v1_e8
clipkd_mammoth_bpe_v1_e8,wit,id,146744,10000,5,0.29110443592071533,0.29514580965042114,0.24068230390548706,0.33467015624046326,0.056560000777244566,0.1666399985551834,0.24487999975681304,0.050300000607967375,0.14907999634742736,0.2197999984025955,clipkd_mammoth_bpe_v1_e8
clipkd_mammoth_bpe_v1_e8,wit,jv,11926,10000,5,0.2836601734161377,0.2866225838661194,0.22982226312160492,0.33287686109542847,0.04854000061750412,0.14026000201702118,0.2036400020122528,0.036720000207424164,0.11759999990463257,0.17753999829292297,clipkd_mammoth_bpe_v1_e8
clipkd_mammoth_bpe_v1_e8,wit,ms,59504,10000,5,0.2894974946975708,0.2938632369041443,0.2380187064409256,0.3337446451187134,0.05535999983549118,0.1600600004196167,0.2377399981021881,0.04669999927282333,0.14408000111579894,0.21473999917507172,clipkd_mammoth_bpe_v1_e8
clipkd_mammoth_bpe_v1_e8,wit,my,9941,9941,1,0.2633596956729889,0.25652003288269043,0.22141432762145996,0.318381130695343,0.026858465746045113,0.06790061295032501,0.09556382894515991,0.017603863030672073,0.04627301171422005,0.06910773366689682,clipkd_mammoth_bpe_v1_e8
clipkd_mammoth_bpe_v1_e8,wit,th,55594,10000,5,0.2783330976963043,0.28068697452545166,0.22836430370807648,0.3246702253818512,0.0279399998486042,0.0935000017285347,0.14618000090122224,0.019200000166893005,0.07011999934911728,0.11607999950647355,clipkd_mammoth_bpe_v1_e8
clipkd_mammoth_bpe_v1_e8,wit,vi,203979,10000,5,0.2886725962162018,0.29259687662124634,0.23855824768543243,0.33132264018058777,0.04798000007867813,0.1476999968290329,0.22406000196933745,0.041739999502897265,0.13112000226974488,0.19628000259399414,clipkd_mammoth_bpe_v1_e8
clipkd_mammoth_only_v6_e16,bloom,fil,558,558,1,0.2185826152563095,0.21807344257831573,0.17371128499507904,0.2652069628238678,0.00358422938734293,0.01433691754937172,0.02150537632405758,0.0,0.012544803321361542,0.0197132620960474,clipkd_mammoth_only_v6_e16
clipkd_mammoth_only_v6_e16,bloom,id,2169,2169,1,0.2169167399406433,0.21736487746238708,0.16957829892635345,0.26622503995895386,0.0,0.002305209869518876,0.005993545521050692,0.0,0.00046104195644147694,0.0036883356515318155,clipkd_mammoth_only_v6_e16
clipkd_mammoth_only_v6_e16,bloom,km,308,308,1,0.25397899746894836,0.25405383110046387,0.215634286403656,0.2892010509967804,0.0,0.0,0.006493506487458944,0.003246753243729472,0.009740259498357773,0.019480518996715546,clipkd_mammoth_only_v6_e16
clipkd_mammoth_only_v6_e16,bloom,ms,102,102,1,0.2518499791622162,0.25157803297042847,0.19737574458122253,0.29673096537590027,0.0,0.009803921915590763,0.04901960864663124,0.009803921915590763,0.03921568766236305,0.0882352963089943,clipkd_mammoth_only_v6_e16
clipkd_mammoth_only_v6_e16,bloom,my,419,419,1,0.2578953802585602,0.260357141494751,0.21610063314437866,0.29440557956695557,0.00477326987311244,0.014319809153676033,0.01909307949244976,0.0071599045768380165,0.02386634796857834,0.03102625347673893,clipkd_mammoth_only_v6_e16
clipkd_mammoth_only_v6_e16,bloom,th,3009,3009,1,0.2581852972507477,0.2586357593536377,0.21386010944843292,0.3025156855583191,0.00033233631984330714,0.0006646726396866143,0.0019940179772675037,0.0006646726396866143,0.0013293452793732285,0.0033233631402254105,clipkd_mammoth_only_v6_e16
clipkd_mammoth_only_v6_e16,bloom,vi,22,22,1,0.24938978254795074,0.2506379187107086,0.2093316614627838,0.2900703251361847,0.09090909361839294,0.27272728085517883,0.5909090638160706,0.0,0.1818181872367859,0.4545454680919647,clipkd_mammoth_only_v6_e16
clipkd_mammoth_only_v6_e16,cgoe,id,223098,10000,5,0.23631981015205383,0.2363121509552002,0.18140700459480286,0.29100316762924194,0.0005399999965447933,0.002320000040344894,0.0040599999483674765,0.00044000001798849553,0.001959999976679683,0.0033800000790506603,clipkd_mammoth_only_v6_e16
clipkd_mammoth_only_v6_e16,cgoe,jv,39747,10000,5,0.23712848126888275,0.23785649240016937,0.18514975905418396,0.28788724541664124,0.00032000000355765225,0.0016400000080466271,0.003080000076442957,0.0002800000089337118,0.001220000011380762,0.0018800000194460153,clipkd_mammoth_only_v6_e16
clipkd_mammoth_only_v6_e16,cgoe,ms,161397,10000,5,0.2324650138616562,0.23285190761089325,0.17704294621944427,0.2872227728366852,0.00038000001077307386,0.0019799999892711638,0.003459999989718199,0.0003000000084284693,0.0016200000187382101,0.0028400000650435687,clipkd_mammoth_only_v6_e16
clipkd_mammoth_only_v6_e16,cgoe,su,21238,10000,5,0.24396170675754547,0.24483953416347504,0.19332203269004822,0.29329022765159607,0.0004800000024260953,0.001380000007338822,0.0024800000712275503,0.00015999999595806003,0.0008600000175647438,0.001560000004246831,clipkd_mammoth_only_v6_e16
clipkd_mammoth_only_v6_e16,cgoe,th,58433,10000,5,0.25320887565612793,0.25447705388069153,0.20465250313282013,0.30002105236053467,0.00042000000539701434,0.0018200000282377004,0.002860000031068921,0.00028000000602332873,0.0012999999802559615,0.002499999990686774,clipkd_mammoth_only_v6_e16
clipkd_mammoth_only_v6_e16,cgoe,vi,199562,10000,5,0.22733952105045319,0.22757980227470398,0.1692788153886795,0.2852418124675751,0.00036000000254716725,0.001759999990463257,0.00348000000230968,0.00026000000507337974,0.0013000000035390258,0.0024000000208616256,clipkd_mammoth_only_v6_e16
clipkd_mammoth_only_v6_e16,wit,id,146744,10000,5,0.24007199704647064,0.24051161110401154,0.1897265613079071,0.2898351848125458,0.0008200000040233136,0.0033800000790506603,0.006460000108927488,0.0004400000078021549,0.0022000000346451996,0.003980000084266066,clipkd_mammoth_only_v6_e16
clipkd_mammoth_only_v6_e16,wit,jv,11926,10000,5,0.23961690068244934,0.24040988087654114,0.18996195495128632,0.2885112464427948,0.0006000000023050234,0.0027999999932944775,0.004980000015348196,0.00021999999880790712,0.0014999999897554518,0.0028400000184774397,clipkd_mammoth_only_v6_e16
clipkd_mammoth_only_v6_e16,wit,ms,59504,10000,5,0.24049337208271027,0.24093499779701233,0.18970832228660583,0.2904413938522339,0.0007799999904818833,0.0038600000087171795,0.0067599999718368055,0.00045999999420018864,0.0018199999816715718,0.003539999946951866,clipkd_mammoth_only_v6_e16
clipkd_mammoth_only_v6_e16,wit,my,9941,9941,1,0.2416008859872818,0.24194476008415222,0.19576451182365417,0.2868039011955261,0.0,0.0015089025255292654,0.0032189921475946903,0.00020118700922466815,0.0015089025255292654,0.0025148375425487757,clipkd_mammoth_only_v6_e16
clipkd_mammoth_only_v6_e16,wit,th,55594,10000,5,0.23820699751377106,0.23939713835716248,0.19151653349399567,0.2829960584640503,0.00040000000299187375,0.0018600000068545342,0.0034600000362843275,0.0002800000103889033,0.0006799999973736703,0.0014599999878555537,clipkd_mammoth_only_v6_e16
clipkd_mammoth_only_v6_e16,wit,vi,203979,10000,5,0.23064371943473816,0.23161163926124573,0.17762677371501923,0.2815907895565033,0.0007999999914318323,0.0030199999921023844,0.005460000038146973,0.00038000001077307386,0.0016199999721720816,0.002980000013485551,clipkd_mammoth_only_v6_e16
clipkd_mammoth_only_v6_e24,bloom,fil,558,558,1,0.20402728021144867,0.20347286760807037,0.15960565209388733,0.2498379349708557,0.001792114693671465,0.008960573934018612,0.017921147868037224,0.0,0.008960573934018612,0.017921147868037224,clipkd_mammoth_only_v6_e24
clipkd_mammoth_only_v6_e24,bloom,id,2169,2169,1,0.20282498002052307,0.20241203904151917,0.15442150831222534,0.2535554766654968,0.00046104195644147694,0.0036883356515318155,0.004610419739037752,0.0,0.0027662517968565226,0.007376671303063631,clipkd_mammoth_only_v6_e24
clipkd_mammoth_only_v6_e24,bloom,km,308,308,1,0.2243516892194748,0.22808808088302612,0.1746312528848648,0.2677655816078186,0.009740259498357773,0.019480518996715546,0.04220779240131378,0.016233766451478004,0.019480518996715546,0.0357142873108387,clipkd_mammoth_only_v6_e24
clipkd_mammoth_only_v6_e24,bloom,ms,102,102,1,0.2389078140258789,0.23693151772022247,0.19800840318202972,0.28046077489852905,0.009803921915590763,0.03921568766236305,0.0882352963089943,0.009803921915590763,0.06862745434045792,0.0882352963089943,clipkd_mammoth_only_v6_e24
clipkd_mammoth_only_v6_e24,bloom,my,419,419,1,0.22745530307292938,0.2284344732761383,0.17739655077457428,0.2772391140460968,0.0,0.0071599045768380165,0.02386634796857834,0.00238663493655622,0.01909307949244976,0.028639618307352066,clipkd_mammoth_only_v6_e24
clipkd_mammoth_only_v6_e24,bloom,th,3009,3009,1,0.22255347669124603,0.22358545660972595,0.16693568229675293,0.2762303054332733,0.0006646726396866143,0.0019940179772675037,0.0033233631402254105,0.0,0.0016616815701127052,0.002658690558746457,clipkd_mammoth_only_v6_e24
clipkd_mammoth_only_v6_e24,bloom,vi,22,22,1,0.20548611879348755,0.20577673614025116,0.1371244490146637,0.29194891452789307,0.04545454680919647,0.1818181872367859,0.5,0.09090909361839294,0.27272728085517883,0.40909090638160706,clipkd_mammoth_only_v6_e24
clipkd_mammoth_only_v6_e24,cgoe,id,223098,10000,5,0.22518301010131836,0.22644010186195374,0.17014671862125397,0.2787724733352661,0.00040000001317821445,0.002459999965503812,0.004400000022724271,0.00029999999678693713,0.0015399999916553496,0.0025799999479204417,clipkd_mammoth_only_v6_e24
clipkd_mammoth_only_v6_e24,cgoe,jv,39747,10000,5,0.22420619428157806,0.2254803627729416,0.17073874175548553,0.2761792540550232,0.00040000000735744833,0.0014800000004470347,0.003060000017285347,0.00017999999545281753,0.0009399999864399434,0.0015399999916553496,clipkd_mammoth_only_v6_e24
clipkd_mammoth_only_v6_e24,cgoe,ms,161397,10000,5,0.21876299381256104,0.21988216042518616,0.1625886857509613,0.2731742858886719,0.00022000000608386473,0.001500000013038516,0.0032400000374764202,0.0003000000098836608,0.0011000000056810677,0.0020400000037625434,clipkd_mammoth_only_v6_e24
clipkd_mammoth_only_v6_e24,cgoe,su,21238,10000,5,0.22259578108787537,0.2249312698841095,0.16615180671215057,0.2746623158454895,0.00020000000367872416,0.0009799999999813736,0.0016199999721720816,0.0001600000003236346,0.0005400000081863254,0.0011600000085309147,clipkd_mammoth_only_v6_e24
clipkd_mammoth_only_v6_e24,cgoe,th,58433,10000,5,0.22357694804668427,0.22435931861400604,0.16746489703655243,0.27861693501472473,0.00024000000557862223,0.0009600000339560211,0.002160000056028366,0.0001400000008288771,0.0008000000147148967,0.0019000000087544323,clipkd_mammoth_only_v6_e24
clipkd_mammoth_only_v6_e24,cgoe,vi,199562,10000,5,0.21141208708286285,0.2114560455083847,0.1530090868473053,0.26939335465431213,0.0003200000006472692,0.0012799999909475445,0.0026599999982863665,0.00021999999880790712,0.0012600000016391277,0.0023000000044703485,clipkd_mammoth_only_v6_e24
clipkd_mammoth_only_v6_e24,wit,id,146744,10000,5,0.22773098945617676,0.22835993766784668,0.17675408720970154,0.27793899178504944,0.0007600000011734664,0.0027199999894946814,0.005660000070929527,0.00040000001026783136,0.0018999999854713678,0.003440000023692846,clipkd_mammoth_only_v6_e24
clipkd_mammoth_only_v6_e24,wit,jv,11926,10000,5,0.22702011466026306,0.22751611471176147,0.1757374405860901,0.2777419090270996,0.0006400000012945384,0.00260000005364418,0.004339999984949827,1.9999999494757503e-05,0.0011600000318139792,0.0022600000258535145,clipkd_mammoth_only_v6_e24
clipkd_mammoth_only_v6_e24,wit,ms,59504,10000,5,0.22714383900165558,0.22775998711585999,0.17617246508598328,0.27723169326782227,0.0005399999907240271,0.0025200000498443844,0.005179999954998493,0.00034000001469394194,0.0015800000168383122,0.0027199999894946814,clipkd_mammoth_only_v6_e24
clipkd_mammoth_only_v6_e24,wit,my,9941,9941,1,0.22385691106319427,0.22373917698860168,0.175277978181839,0.273478239774704,0.000301780499285087,0.002313650446012616,0.0045267073437571526,0.0,0.0010059350170195103,0.0019112764857709408,clipkd_mammoth_only_v6_e24
clipkd_mammoth_only_v6_e24,wit,th,55594,10000,5,0.2179114669561386,0.21895831823349,0.16629457473754883,0.2683136463165283,0.00038000001513864844,0.0014800000004470347,0.0029000000096857546,5.999999848427251e-05,0.0008200000040233136,0.0017400000244379044,clipkd_mammoth_only_v6_e24
clipkd_mammoth_only_v6_e24,wit,vi,203979,10000,5,0.21857163310050964,0.2188655287027359,0.16562415659427643,0.2713890075683594,0.0006000000052154064,0.00281999995931983,0.00532000008970499,0.0007400000118650496,0.0019400000106543302,0.0032399999909102917,clipkd_mammoth_only_v6_e24
clipkd_mammoth_only_v6_e32,bloom,fil,558,558,1,0.20376278460025787,0.2038424015045166,0.157548189163208,0.2511025667190552,0.001792114693671465,0.005376344081014395,0.012544803321361542,0.001792114693671465,0.01075268816202879,0.0197132620960474,clipkd_mammoth_only_v6_e32
clipkd_mammoth_only_v6_e32,bloom,id,2169,2169,1,0.20131506025791168,0.2019626498222351,0.15231259167194366,0.2518201470375061,0.0013831258984282613,0.0027662517968565226,0.004149377811700106,0.0,0.0018441678257659078,0.005532503593713045,clipkd_mammoth_only_v6_e32
clipkd_mammoth_only_v6_e32,bloom,km,308,308,1,0.21686647832393646,0.21810626983642578,0.16213014721870422,0.267717182636261,0.006493506487458944,0.03246753290295601,0.048701297491788864,0.009740259498357773,0.025974025949835777,0.03896103799343109,clipkd_mammoth_only_v6_e32
clipkd_mammoth_only_v6_e32,bloom,ms,102,102,1,0.23599207401275635,0.24086114764213562,0.18205611407756805,0.2809787094593048,0.0,0.03921568766236305,0.10784313827753067,0.019607843831181526,0.05882352963089943,0.10784313827753067,clipkd_mammoth_only_v6_e32
clipkd_mammoth_only_v6_e32,bloom,my,419,419,1,0.21617744863033295,0.21679557859897614,0.16466353833675385,0.26764392852783203,0.0,0.014319809153676033,0.02386634796857834,0.00238663493655622,0.00477326987311244,0.00954653974622488,clipkd_mammoth_only_v6_e32
clipkd_mammoth_only_v6_e32,bloom,th,3009,3009,1,0.21197402477264404,0.21412774920463562,0.15257646143436432,0.2677723169326782,0.00033233631984330714,0.0019940179772675037,0.0029910269659012556,0.0,0.00033233631984330714,0.0016616815701127052,clipkd_mammoth_only_v6_e32
clipkd_mammoth_only_v6_e32,bloom,vi,22,22,1,0.19750437140464783,0.20049113035202026,0.12992313504219055,0.2865367531776428,0.04545454680919647,0.1818181872367859,0.4545454680919647,0.0,0.22727273404598236,0.40909090638160706,clipkd_mammoth_only_v6_e32
clipkd_mammoth_only_v6_e32,cgoe,id,223098,10000,5,0.22334504127502441,0.22494950890541077,0.16773644089698792,0.2765597105026245,0.0003600000010919757,0.0021799999522045255,0.0038400000426918267,0.00020000000367872416,0.0014200000092387199,0.0025400000624358652,clipkd_mammoth_only_v6_e32
clipkd_mammoth_only_v6_e32,cgoe,jv,39747,10000,5,0.2238863706588745,0.2257496416568756,0.16983167827129364,0.2760283350944519,0.0003600000054575503,0.0015399999916553496,0.002620000019669533,9.999999747378752e-05,0.0005600000033155084,0.0011599999968893826,clipkd_mammoth_only_v6_e32
clipkd_mammoth_only_v6_e32,cgoe,ms,161397,10000,5,0.21709342300891876,0.2185876965522766,0.16110186278820038,0.27105912566185,0.00024000000121304765,0.001780000003054738,0.003199999965727329,0.0001999999993131496,0.0010800000163726509,0.0023000000044703485,clipkd_mammoth_only_v6_e32
clipkd_mammoth_only_v6_e32,cgoe,su,21238,10000,5,0.22779977321624756,0.23021793365478516,0.17201358079910278,0.2796344757080078,0.00026000000507337974,0.0008799999952316285,0.0018999999621883035,0.00018000000418396666,0.0005799999926239252,0.001220000023022294,clipkd_mammoth_only_v6_e32
clipkd_mammoth_only_v6_e32,cgoe,th,58433,10000,5,0.2186032235622406,0.22047552466392517,0.15793514251708984,0.2764602303504944,0.0002600000094389543,0.0010600000037811696,0.0021199999609962106,0.00017999999545281753,0.0009000000020023436,0.0017600000137463212,clipkd_mammoth_only_v6_e32
clipkd_mammoth_only_v6_e32,cgoe,vi,199562,10000,5,0.2062355875968933,0.20703579485416412,0.145137757062912,0.2658859193325043,0.00032000001519918444,0.0012600000016391277,0.0025599999586120247,0.0001400000008288771,0.0010799999814480542,0.0023400000063702464,clipkd_mammoth_only_v6_e32
clipkd_mammoth_only_v6_e32,wit,id,146744,10000,5,0.22842074930667877,0.22958669066429138,0.17635630071163177,0.2790731191635132,0.0006200000294484198,0.0029000000096857546,0.0051599999889731405,0.0004400000034365803,0.0017399999778717756,0.003060000017285347,clipkd_mammoth_only_v6_e32
clipkd_mammoth_only_v6_e32,wit,jv,11926,10000,5,0.2287333607673645,0.23015549778938293,0.1767137050628662,0.27955758571624756,0.0004800000227987766,0.002139999996870756,0.0040999999269843105,0.00015999999595806003,0.0009600000223144889,0.0024000000208616256,clipkd_mammoth_only_v6_e32
clipkd_mammoth_only_v6_e32,wit,ms,59504,10000,5,0.2283729463815689,0.22955209016799927,0.1763797253370285,0.27853721380233765,0.00048000001697801054,0.0020999999716877936,0.004120000079274178,0.00034000000741798433,0.0018000000156462193,0.002980000013485551,clipkd_mammoth_only_v6_e32
clipkd_mammoth_only_v6_e32,wit,my,9941,9941,1,0.22034700214862823,0.2209833562374115,0.16699405014514923,0.2729557454586029,0.0004023740184493363,0.0018106830539181828,0.0033195854630321264,0.00020118700922466815,0.0018106830539181828,0.0026154310908168554,clipkd_mammoth_only_v6_e32
clipkd_mammoth_only_v6_e32,wit,th,55594,10000,5,0.2174447625875473,0.21954962611198425,0.1618615686893463,0.27105963230133057,0.00036000000982312487,0.0012800000258721411,0.0022400000132620336,0.00018000000272877514,0.0006400000071153045,0.0014199999975971877,clipkd_mammoth_only_v6_e32
clipkd_mammoth_only_v6_e32,wit,vi,203979,10000,5,0.21941614151000977,0.2203030288219452,0.16459794342517853,0.2734561860561371,0.0005200000101467595,0.0026800000108778478,0.005300000030547381,0.0004400000034365803,0.001919999998062849,0.0031799999997019768,clipkd_mammoth_only_v6_e32
clipkd_mammoth_only_v6_e8,bloom,fil,558,558,1,0.2654912769794464,0.2683851718902588,0.2289188802242279,0.30049067735671997,0.00358422938734293,0.01433691754937172,0.023297490552067757,0.001792114693671465,0.012544803321361542,0.025089606642723083,clipkd_mammoth_only_v6_e8
clipkd_mammoth_only_v6_e8,bloom,id,2169,2169,1,0.2621016800403595,0.2629464864730835,0.22520680725574493,0.29638388752937317,0.00046104195644147694,0.0018441678257659078,0.005532503593713045,0.0,0.002305209869518876,0.005071461666375399,clipkd_mammoth_only_v6_e8
clipkd_mammoth_only_v6_e8,bloom,km,308,308,1,0.26520782709121704,0.26671743392944336,0.24165305495262146,0.28659695386886597,0.009740259498357773,0.019480518996715546,0.03246753290295601,0.0,0.012987012974917889,0.016233766451478004,clipkd_mammoth_only_v6_e8
clipkd_mammoth_only_v6_e8,bloom,ms,102,102,1,0.264525830745697,0.26662343740463257,0.22148165106773376,0.3037829101085663,0.009803921915590763,0.04901960864663124,0.0784313753247261,0.019607843831181526,0.05882352963089943,0.0882352963089943,clipkd_mammoth_only_v6_e8
clipkd_mammoth_only_v6_e8,bloom,my,419,419,1,0.26829367876052856,0.270327627658844,0.24029742181301117,0.29555705189704895,0.00238663493655622,0.016706444323062897,0.040572792291641235,0.0,0.01193317398428917,0.028639618307352066,clipkd_mammoth_only_v6_e8
clipkd_mammoth_only_v6_e8,bloom,th,3009,3009,1,0.2608543038368225,0.26292744278907776,0.22814367711544037,0.2916853427886963,0.00033233631984330714,0.0013293452793732285,0.0023263543844223022,0.00033233631984330714,0.0016616815701127052,0.003655699547380209,clipkd_mammoth_only_v6_e8
clipkd_mammoth_only_v6_e8,bloom,vi,22,22,1,0.2680759131908417,0.2723725438117981,0.23268577456474304,0.2937166094779968,0.0,0.22727273404598236,0.5,0.09090909361839294,0.1818181872367859,0.5454545617103577,clipkd_mammoth_only_v6_e8
clipkd_mammoth_only_v6_e8,cgoe,id,223098,10000,5,0.26686665415763855,0.26854854822158813,0.21844199299812317,0.3128646910190582,0.00030000000406289474,0.0014200000325217843,0.0026800000108778478,0.00021999999880790712,0.001160000020172447,0.002239999989978969,clipkd_mammoth_only_v6_e8
clipkd_mammoth_only_v6_e8,cgoe,jv,39747,10000,5,0.2648506462574005,0.2680113911628723,0.2168079912662506,0.3082135319709778,0.00026000000507337974,0.0015000000246800482,0.0022800000151619315,0.0001600000003236346,0.0007199999876320362,0.0014200000092387199,clipkd_mammoth_only_v6_e8
clipkd_mammoth_only_v6_e8,cgoe,ms,161397,10000,5,0.2579769492149353,0.2595217525959015,0.20952579379081726,0.30401885509490967,0.00036000001564389094,0.0015200000023469328,0.0030200000386685134,0.0001999999993131496,0.0010000000125728547,0.0020200000377371906,clipkd_mammoth_only_v6_e8
clipkd_mammoth_only_v6_e8,cgoe,su,21238,10000,5,0.27263954281806946,0.27454835176467896,0.2302287071943283,0.3121326267719269,0.00032000001228880135,0.001560000004246831,0.0027199999894946814,8.000000234460458e-05,0.0005200000101467595,0.0013999999966472388,clipkd_mammoth_only_v6_e8
clipkd_mammoth_only_v6_e8,cgoe,th,58433,10000,5,0.2671619951725006,0.270327091217041,0.2301568239927292,0.2996167540550232,0.00015999999595806003,0.0007999999914318323,0.001780000003054738,0.0001400000008288771,0.00048000001115724447,0.001280000014230609,clipkd_mammoth_only_v6_e8
clipkd_mammoth_only_v6_e8,cgoe,vi,199562,10000,5,0.2508479058742523,0.25111377239227295,0.20445308089256287,0.2968769967556,0.00040000000299187375,0.0015199999790638686,0.0026599999982863665,0.0001999999993131496,0.0007800000195857138,0.0018000000156462193,clipkd_mammoth_only_v6_e8
clipkd_mammoth_only_v6_e8,wit,id,146744,10000,5,0.2642801105976105,0.2641400396823883,0.22223946452140808,0.3072112798690796,0.0007000000099651515,0.0029199999757111073,0.005300000123679638,0.00024000000266823917,0.0011999999987892807,0.002280000038444996,clipkd_mammoth_only_v6_e8
clipkd_mammoth_only_v6_e8,wit,jv,11926,10000,5,0.2632339596748352,0.2637418508529663,0.22064591944217682,0.30474841594696045,0.0,0.0017999999923631548,0.003120000008493662,0.00017999999545281753,0.0008400000049732625,0.001959999999962747,clipkd_mammoth_only_v6_e8
clipkd_mammoth_only_v6_e8,wit,ms,59504,10000,5,0.2637367248535156,0.2636588215827942,0.2208116054534912,0.3074210584163666,0.0005999999993946403,0.0023600000189617277,0.004719999991357327,0.00034000000450760124,0.0018999999854713678,0.0032200000248849394,clipkd_mammoth_only_v6_e8
clipkd_mammoth_only_v6_e8,wit,my,9941,9941,1,0.2616775929927826,0.26000043749809265,0.22699640691280365,0.29579758644104004,0.0005029675085097551,0.00221305713057518,0.0037219596561044455,0.0004023740184493363,0.0009053415269590914,0.0018106830539181828,clipkd_mammoth_only_v6_e8
clipkd_mammoth_only_v6_e8,wit,th,55594,10000,5,0.25594988465309143,0.2576850652694702,0.21747587621212006,0.2914232611656189,0.00044000000634696334,0.001940000057220459,0.0036600000225007535,7.999999797903001e-05,0.0007199999992735684,0.0014599999878555537,clipkd_mammoth_only_v6_e8
clipkd_mammoth_only_v6_e8,wit,vi,203979,10000,5,0.25598740577697754,0.2556306719779968,0.21351490914821625,0.2981165051460266,0.0005400000140070915,0.0023799999384209515,0.004339999938383699,0.00021999999880790712,0.0010600000037811696,0.0022200000239536166,clipkd_mammoth_only_v6_e8
clipkd_mammoth_v1_e16,bloom,fil,558,558,1,0.29701024293899536,0.30381420254707336,0.2526746988296509,0.3316865563392639,0.05376344174146652,0.15232974290847778,0.2383512556552887,0.04121863842010498,0.1272401362657547,0.19354838132858276,clipkd_mammoth_v1_e16
clipkd_mammoth_v1_e16,bloom,id,2169,2169,1,0.30251821875572205,0.30597659945487976,0.26089924573898315,0.33785444498062134,0.02996772713959217,0.09774089604616165,0.14061780273914337,0.02351314015686512,0.08114338666200638,0.1240202859044075,clipkd_mammoth_v1_e16
clipkd_mammoth_v1_e16,bloom,km,308,308,1,0.30361759662628174,0.3058469593524933,0.2742047905921936,0.33321550488471985,0.02922077849507332,0.13636364042758942,0.20454545319080353,0.022727273404598236,0.06493506580591202,0.11688311398029327,clipkd_mammoth_v1_e16
clipkd_mammoth_v1_e16,bloom,ms,102,102,1,0.286312073469162,0.2920975387096405,0.2430175542831421,0.3216032385826111,0.18627451360225677,0.4313725531101227,0.6274510025978088,0.10784313827753067,0.38235294818878174,0.5196078419685364,clipkd_mammoth_v1_e16
clipkd_mammoth_v1_e16,bloom,my,419,419,1,0.3050265610218048,0.3115072250366211,0.25737178325653076,0.34445396065711975,0.00954653974622488,0.052505966275930405,0.07159904390573502,0.00238663493655622,0.016706444323062897,0.04295942559838295,clipkd_mammoth_v1_e16
clipkd_mammoth_v1_e16,bloom,th,3009,3009,1,0.3216613233089447,0.328453004360199,0.27885571122169495,0.35353583097457886,0.008308407850563526,0.03356596827507019,0.054170820862054825,0.0039880359545350075,0.013625789433717728,0.02093718759715557,clipkd_mammoth_v1_e16
clipkd_mammoth_v1_e16,bloom,vi,22,22,1,0.302763432264328,0.31049609184265137,0.26653674244880676,0.3310904800891876,0.04545454680919647,0.27272728085517883,0.5909090638160706,0.04545454680919647,0.4545454680919647,0.5454545617103577,clipkd_mammoth_v1_e16
clipkd_mammoth_v1_e16,cgoe,id,223098,10000,5,0.28721052408218384,0.2883104681968689,0.24781018495559692,0.3254014849662781,0.0699400007724762,0.16562000215053557,0.22627999782562255,0.05705999955534935,0.14399999976158143,0.20127999782562256,clipkd_mammoth_v1_e16
clipkd_mammoth_v1_e16,cgoe,jv,39747,10000,5,0.29776450991630554,0.3011372685432434,0.25634923577308655,0.3336142599582672,0.08281999975442886,0.19780000150203705,0.269539999961853,0.07381999939680099,0.1792000025510788,0.2437399983406067,clipkd_mammoth_v1_e16
clipkd_mammoth_v1_e16,cgoe,ms,161397,10000,5,0.2814822494983673,0.28104671835899353,0.242841899394989,0.3214787244796753,0.07182000130414963,0.1634200006723404,0.21880000233650207,0.05782000049948692,0.14021999537944793,0.19557999968528747,clipkd_mammoth_v1_e16
clipkd_mammoth_v1_e16,cgoe,su,21238,10000,5,0.30176445841789246,0.3049054443836212,0.26379716396331787,0.33549734950065613,0.07261999994516373,0.1874400019645691,0.2534199982881546,0.06052000001072884,0.15434000194072722,0.21447999775409698,clipkd_mammoth_v1_e16
clipkd_mammoth_v1_e16,cgoe,th,58433,10000,5,0.28384125232696533,0.28447505831718445,0.24675804376602173,0.31979843974113464,0.02701999992132187,0.08767999857664108,0.1313600018620491,0.022540000081062318,0.07222000062465668,0.11143999993801117,clipkd_mammoth_v1_e16
clipkd_mammoth_v1_e16,cgoe,vi,199562,10000,5,0.27910932898521423,0.27886348962783813,0.24194969236850739,0.3175824284553528,0.06625999957323074,0.15412000119686126,0.20913999974727632,0.05324000045657158,0.13332000076770784,0.1848600000143051,clipkd_mammoth_v1_e16
clipkd_mammoth_v1_e16,wit,id,146744,10000,5,0.3047129511833191,0.3083978295326233,0.26424098014831543,0.3391715884208679,0.10149999856948852,0.2709399998188019,0.3720200002193451,0.0967399999499321,0.2538599997758865,0.35209999680519105,clipkd_mammoth_v1_e16
clipkd_mammoth_v1_e16,wit,jv,11926,10000,5,0.30221027135849,0.30592215061187744,0.2596009373664856,0.3378980755805969,0.10542000085115433,0.2657600104808807,0.36043999791145326,0.09417999982833862,0.24949999451637267,0.3397999942302704,clipkd_mammoth_v1_e16
clipkd_mammoth_v1_e16,wit,ms,59504,10000,5,0.3046041429042816,0.3085674047470093,0.2637733817100525,0.3388177454471588,0.0999200016260147,0.27005999684333803,0.37354000210762023,0.09618000090122222,0.2541199952363968,0.3519599974155426,clipkd_mammoth_v1_e16
clipkd_mammoth_v1_e16,wit,my,9941,9941,1,0.2850331664085388,0.2847200632095337,0.2434266060590744,0.3275340497493744,0.047781914472579956,0.11538074910640717,0.16678403317928314,0.034201789647340775,0.0980786606669426,0.14706769585609436,clipkd_mammoth_v1_e16
clipkd_mammoth_v1_e16,wit,th,55594,10000,5,0.3024451732635498,0.30620476603507996,0.2609289884567261,0.33793601393699646,0.07404000014066696,0.2090800017118454,0.30205999612808226,0.062300000339746475,0.18657999932765962,0.27378000020980836,clipkd_mammoth_v1_e16
clipkd_mammoth_v1_e16,wit,vi,203979,10000,5,0.30262991786003113,0.3062140941619873,0.26429280638694763,0.335506796836853,0.09344000071287155,0.25374000072479247,0.35591999888420106,0.08858000040054322,0.24124000072479249,0.33454000353813174,clipkd_mammoth_v1_e16
clipkd_mammoth_v1_e24,bloom,fil,558,558,1,0.31252503395080566,0.31929540634155273,0.27457690238952637,0.3399847149848938,0.14695340394973755,0.36200717091560364,0.4820788502693176,0.10752688348293304,0.301075279712677,0.42473119497299194,clipkd_mammoth_v1_e24
clipkd_mammoth_v1_e24,bloom,id,2169,2169,1,0.32268738746643066,0.32622385025024414,0.2907664477825165,0.35004517436027527,0.0843706801533699,0.22637160122394562,0.3227293789386749,0.06177962198853493,0.16413094103336334,0.25357308983802795,clipkd_mammoth_v1_e24
clipkd_mammoth_v1_e24,bloom,km,308,308,1,0.31230002641677856,0.3145166039466858,0.28257593512535095,0.3425541818141937,0.08766233921051025,0.2759740352630615,0.41558441519737244,0.03246753290295601,0.1461038887500763,0.27272728085517883,clipkd_mammoth_v1_e24
clipkd_mammoth_v1_e24,bloom,ms,102,102,1,0.3033624291419983,0.3078269362449646,0.2627273201942444,0.3362061083316803,0.20588235557079315,0.5686274766921997,0.7549019455909729,0.23529411852359772,0.5392156839370728,0.7352941036224365,clipkd_mammoth_v1_e24
clipkd_mammoth_v1_e24,bloom,my,419,419,1,0.3122229278087616,0.317205548286438,0.27142074704170227,0.3425293266773224,0.026252983137965202,0.09785202890634537,0.1551312655210495,0.00954653974622488,0.03818615898489952,0.06443914026021957,clipkd_mammoth_v1_e24
clipkd_mammoth_v1_e24,bloom,th,3009,3009,1,0.33625099062919617,0.3426688015460968,0.30492690205574036,0.35903140902519226,0.019940178841352463,0.06513792276382446,0.1023595854640007,0.010967099107801914,0.03456297889351845,0.05350614711642265,clipkd_mammoth_v1_e24
clipkd_mammoth_v1_e24,bloom,vi,22,22,1,0.31308993697166443,0.3091527223587036,0.297746479511261,0.33582285046577454,0.04545454680919647,0.5,0.5909090638160706,0.13636364042758942,0.40909090638160706,0.7272727489471436,clipkd_mammoth_v1_e24
clipkd_mammoth_v1_e24,cgoe,id,223098,10000,5,0.2926865816116333,0.2952859103679657,0.25597792863845825,0.3256309926509857,0.18027999699115754,0.3621600031852722,0.45689999461174013,0.16094000041484832,0.3383800029754639,0.4301799893379211,clipkd_mammoth_v1_e24
clipkd_mammoth_v1_e24,cgoe,jv,39747,10000,5,0.3014289438724518,0.30459076166152954,0.26833173632621765,0.33010828495025635,0.20794000029563903,0.4420199990272522,0.5452799916267395,0.19893999993801117,0.40594000220298765,0.5028799951076508,clipkd_mammoth_v1_e24
clipkd_mammoth_v1_e24,cgoe,ms,161397,10000,5,0.2900782525539398,0.2920379042625427,0.2516934275627136,0.3255711793899536,0.18801999986171722,0.3603799998760223,0.4434999942779541,0.16788000166416167,0.3343200087547302,0.4189599990844727,clipkd_mammoth_v1_e24
clipkd_mammoth_v1_e24,cgoe,su,21238,10000,5,0.3058612644672394,0.30854517221450806,0.27552542090415955,0.33265751600265503,0.2116599977016449,0.45387999415397645,0.5546000003814697,0.19513999819755554,0.4128199934959412,0.5053400039672852,clipkd_mammoth_v1_e24
clipkd_mammoth_v1_e24,cgoe,th,58433,10000,5,0.2842916250228882,0.2855903208255768,0.24715888500213623,0.3195442855358124,0.07005999982357025,0.18537999987602233,0.2552999973297119,0.056240000575780866,0.1576799988746643,0.22238000035285949,clipkd_mammoth_v1_e24
clipkd_mammoth_v1_e24,cgoe,vi,199562,10000,5,0.2871210277080536,0.28902047872543335,0.24847620725631714,0.32314810156822205,0.16949999928474427,0.33770000338554385,0.4222800016403198,0.15295999944210054,0.31646000146865844,0.3996800065040588,clipkd_mammoth_v1_e24
clipkd_mammoth_v1_e24,wit,id,146744,10000,5,0.30435171723365784,0.30776479840278625,0.2723822593688965,0.3314148783683777,0.1876000016927719,0.43937999606132505,0.5668400049209594,0.182260000705719,0.4228600084781647,0.5479399919509887,clipkd_mammoth_v1_e24
clipkd_mammoth_v1_e24,wit,jv,11926,10000,5,0.30820804834365845,0.31170597672462463,0.2765275835990906,0.33438289165496826,0.21723999977111816,0.4805799901485443,0.6060199975967407,0.21156000196933747,0.46692000031471254,0.5787200093269348,clipkd_mammoth_v1_e24
clipkd_mammoth_v1_e24,wit,ms,59504,10000,5,0.30620285868644714,0.30934131145477295,0.27490898966789246,0.3326617181301117,0.19988000094890596,0.46237999200820923,0.5921000123023987,0.19478000104427337,0.44670000672340393,0.5729199886322022,clipkd_mammoth_v1_e24
clipkd_mammoth_v1_e24,wit,my,9941,9941,1,0.2897418141365051,0.29336702823638916,0.24873371422290802,0.32502031326293945,0.09858163446187973,0.23890957236289978,0.32723066210746765,0.08932702988386154,0.2247258871793747,0.3061060309410095,clipkd_mammoth_v1_e24
clipkd_mammoth_v1_e24,wit,th,55594,10000,5,0.301203191280365,0.30470240116119385,0.2672877013683319,0.32988253235816956,0.13515999913215637,0.3542999982833862,0.4809000015258789,0.12605999857187272,0.329339998960495,0.45001999735832215,clipkd_mammoth_v1_e24
clipkd_mammoth_v1_e24,wit,vi,203979,10000,5,0.3050777018070221,0.30831801891326904,0.27439284324645996,0.33125436305999756,0.17499999701976776,0.41474000215530393,0.5397199988365173,0.17048000395298005,0.40486000180244447,0.5250399947166443,clipkd_mammoth_v1_e24
clipkd_mammoth_v1_e32,bloom,fil,558,558,1,0.31801849603652954,0.32011622190475464,0.2993922829627991,0.3339756727218628,0.28136199712753296,0.6397849321365356,0.7706093192100525,0.2777777910232544,0.6254480481147766,0.7616487741470337,clipkd_mammoth_v1_e32
clipkd_mammoth_v1_e32,bloom,id,2169,2169,1,0.3218208849430084,0.32333314418792725,0.3038112223148346,0.33900749683380127,0.15029968321323395,0.4186260998249054,0.5786076784133911,0.1369294673204422,0.3918856680393219,0.5306593179702759,clipkd_mammoth_v1_e32
clipkd_mammoth_v1_e32,bloom,km,308,308,1,0.3202335834503174,0.32190507650375366,0.2996150553226471,0.33741670846939087,0.23051947355270386,0.5649350881576538,0.7272727489471436,0.13636364042758942,0.3928571343421936,0.5584415793418884,clipkd_mammoth_v1_e32
clipkd_mammoth_v1_e32,bloom,ms,102,102,1,0.31894901394844055,0.3236023783683777,0.29239708185195923,0.33695247769355774,0.38235294818878174,0.8725489974021912,0.970588207244873,0.45098039507865906,0.8333333134651184,0.9215686321258545,clipkd_mammoth_v1_e32
clipkd_mammoth_v1_e32,bloom,my,419,419,1,0.3223063051700592,0.32603201270103455,0.29949435591697693,0.34121519327163696,0.05489259958267212,0.19809068739414215,0.3436754047870636,0.03341288864612579,0.15751789510250092,0.2434367537498474,clipkd_mammoth_v1_e32
clipkd_mammoth_v1_e32,bloom,th,3009,3009,1,0.3315911889076233,0.33358269929885864,0.31445613503456116,0.3470916450023651,0.03589232265949249,0.11100032925605774,0.1784646064043045,0.028913259506225586,0.09405118227005005,0.13991358876228333,clipkd_mammoth_v1_e32
clipkd_mammoth_v1_e32,bloom,vi,22,22,1,0.32848748564720154,0.32959800958633423,0.3143075704574585,0.34045660495758057,0.22727273404598236,0.7272727489471436,0.8636363744735718,0.27272728085517883,0.5,0.9090909361839294,clipkd_mammoth_v1_e32
clipkd_mammoth_v1_e32,cgoe,id,223098,10000,5,0.3098100423812866,0.31274300813674927,0.2867260277271271,0.3291676640510559,0.36541999578475953,0.668120002746582,0.7709399938583374,0.3742799997329712,0.6539999961853027,0.7539399981498718,clipkd_mammoth_v1_e32
clipkd_mammoth_v1_e32,cgoe,jv,39747,10000,5,0.31084397435188293,0.31339579820632935,0.2901547849178314,0.32863855361938477,0.3579400062561035,0.6833199858665466,0.7852799892425537,0.3755399942398071,0.6661200046539306,0.7634400129318237,clipkd_mammoth_v1_e32
clipkd_mammoth_v1_e32,cgoe,ms,161397,10000,5,0.3093714714050293,0.31262218952178955,0.2857429087162018,0.328656941652298,0.3792999923229218,0.6640799880027771,0.7576200008392334,0.38937999606132506,0.6528200030326843,0.7435999989509583,clipkd_mammoth_v1_e32
clipkd_mammoth_v1_e32,cgoe,su,21238,10000,5,0.31372955441474915,0.31613409519195557,0.2946397662162781,0.33011093735694885,0.3577199995517731,0.693559992313385,0.7971199870109558,0.3660199999809265,0.6688999891281128,0.7675399899482727,clipkd_mammoth_v1_e32
clipkd_mammoth_v1_e32,cgoe,th,58433,10000,5,0.3058808743953705,0.3091070055961609,0.2775299549102783,0.329584002494812,0.19523999989032745,0.4424600064754486,0.557640016078949,0.18038000166416168,0.4154600024223328,0.5254599928855896,clipkd_mammoth_v1_e32
clipkd_mammoth_v1_e32,cgoe,vi,199562,10000,5,0.3057462275028229,0.3089888095855713,0.28093621134757996,0.32636064291000366,0.3522600054740906,0.6451000094413757,0.7434000015258789,0.3605599880218506,0.6311599969863891,0.7270799875259399,clipkd_mammoth_v1_e32
clipkd_mammoth_v1_e32,wit,id,146744,10000,5,0.31498488783836365,0.3171381950378418,0.2959330976009369,0.3316473662853241,0.33717999458312986,0.6948599934577941,0.816160011291504,0.3607200026512146,0.6832000136375427,0.7986600041389466,clipkd_mammoth_v1_e32
clipkd_mammoth_v1_e32,wit,jv,11926,10000,5,0.3185533583164215,0.3203650116920471,0.30177581310272217,0.3338640332221985,0.3965000033378601,0.7488600015640259,0.8505599975585938,0.42408000230789183,0.7337799787521362,0.831440007686615,clipkd_mammoth_v1_e32
clipkd_mammoth_v1_e32,wit,ms,59504,10000,5,0.31613245606422424,0.31820011138916016,0.29771459102630615,0.33253049850463867,0.3518399953842163,0.7162400126457215,0.8330999970436096,0.36982000470161436,0.6992199897766114,0.812720000743866,clipkd_mammoth_v1_e32
clipkd_mammoth_v1_e32,wit,my,9941,9941,1,0.3142297863960266,0.3163326382637024,0.2939136028289795,0.33241236209869385,0.21848908066749573,0.5104114413261414,0.657680332660675,0.25832411646842957,0.5417966246604919,0.6682426333427429,clipkd_mammoth_v1_e32
clipkd_mammoth_v1_e32,wit,th,55594,10000,5,0.31600961089134216,0.31811851263046265,0.2959367334842682,0.3334849178791046,0.26958000659942627,0.6190999984741211,0.760479998588562,0.28205999732017517,0.6054200053215026,0.7383000016212463,clipkd_mammoth_v1_e32
clipkd_mammoth_v1_e32,wit,vi,203979,10000,5,0.314513236284256,0.31644901633262634,0.29564517736434937,0.33106446266174316,0.30224000811576845,0.6477999925613404,0.7740399956703186,0.32021999955177305,0.636300003528595,0.7510599970817566,clipkd_mammoth_v1_e32
clipkd_mammoth_v1_e8,bloom,fil,558,558,1,0.27879518270492554,0.28537553548812866,0.21739380061626434,0.3305417597293854,0.030465949326753616,0.08781362324953079,0.13799282908439636,0.016129031777381897,0.051971327513456345,0.09139785170555115,clipkd_mammoth_v1_e8
clipkd_mammoth_v1_e8,bloom,id,2169,2169,1,0.2924067974090576,0.2982010841369629,0.23909538984298706,0.33720898628234863,0.01567542739212513,0.047487322241067886,0.07929921895265579,0.015214384533464909,0.04933148995041847,0.07192254811525345,clipkd_mammoth_v1_e8
clipkd_mammoth_v1_e8,bloom,km,308,308,1,0.28982341289520264,0.2918339967727661,0.24982178211212158,0.32617878913879395,0.006493506487458944,0.0714285746216774,0.11688311398029327,0.006493506487458944,0.03246753290295601,0.06168831139802933,clipkd_mammoth_v1_e8
clipkd_mammoth_v1_e8,bloom,ms,102,102,1,0.2735316753387451,0.27281859517097473,0.22726021707057953,0.3166438639163971,0.12745098769664764,0.343137264251709,0.47058823704719543,0.09803921729326248,0.3235294222831726,0.5196078419685364,clipkd_mammoth_v1_e8
clipkd_mammoth_v1_e8,bloom,my,419,419,1,0.2923693358898163,0.297057569026947,0.24089433252811432,0.3371732532978058,0.0071599045768380165,0.026252983137965202,0.05966586992144585,0.0071599045768380165,0.021479712799191475,0.03818615898489952,clipkd_mammoth_v1_e8
clipkd_mammoth_v1_e8,bloom,th,3009,3009,1,0.32773885130882263,0.3384607434272766,0.2704089283943176,0.3675662875175476,0.003655699547380209,0.013625789433717728,0.022266533225774765,0.002658690558746457,0.013625789433717728,0.02193419821560383,clipkd_mammoth_v1_e8
clipkd_mammoth_v1_e8,bloom,vi,22,22,1,0.2855847477912903,0.27895843982696533,0.2574363946914673,0.32298994064331055,0.04545454680919647,0.1818181872367859,0.3636363744735718,0.04545454680919647,0.40909090638160706,0.5909090638160706,clipkd_mammoth_v1_e8
clipkd_mammoth_v1_e8,cgoe,id,223098,10000,5,0.2711050510406494,0.27163299918174744,0.23106954991817474,0.3103473484516144,0.03440000042319298,0.09239999949932098,0.13646000027656555,0.02871999964118004,0.08540000021457672,0.12604000121355058,clipkd_mammoth_v1_e8
clipkd_mammoth_v1_e8,cgoe,jv,39747,10000,5,0.2811046540737152,0.28412920236587524,0.23810550570487976,0.319103866815567,0.034780000895261766,0.09758000075817108,0.145100000500679,0.03222000002861023,0.09290000051259995,0.1356799989938736,clipkd_mammoth_v1_e8
clipkd_mammoth_v1_e8,cgoe,ms,161397,10000,5,0.2674953043460846,0.26771080493927,0.22877834737300873,0.3064842224121094,0.03360000029206276,0.0901199996471405,0.12850000113248825,0.026899999752640725,0.07749999910593033,0.11425999999046325,clipkd_mammoth_v1_e8
clipkd_mammoth_v1_e8,cgoe,su,21238,10000,5,0.2823116183280945,0.2847457230091095,0.2420908659696579,0.3189052939414978,0.03837999925017357,0.10857999920845032,0.15224000215530395,0.030960000306367873,0.09050000011920929,0.13138000071048736,clipkd_mammoth_v1_e8
clipkd_mammoth_v1_e8,cgoe,th,58433,10000,5,0.27511197328567505,0.2744133472442627,0.23451918363571167,0.3170335292816162,0.014020000211894512,0.05095999985933304,0.07915999889373779,0.013299999944865703,0.045739999413490294,0.07298000007867814,clipkd_mammoth_v1_e8
clipkd_mammoth_v1_e8,cgoe,vi,199562,10000,5,0.26583796739578247,0.26553431153297424,0.2268463373184204,0.3052520453929901,0.02954000011086464,0.08351999968290329,0.12099999934434891,0.024000000208616257,0.07225999981164932,0.10778000056743622,clipkd_mammoth_v1_e8
clipkd_mammoth_v1_e8,wit,id,146744,10000,5,0.2954401671886444,0.29906490445137024,0.24767902493476868,0.33683308959007263,0.06764000207185746,0.19410000145435333,0.27849999666213987,0.06125999912619591,0.17833999991416932,0.2601000010967255,clipkd_mammoth_v1_e8
clipkd_mammoth_v1_e8,wit,jv,11926,10000,5,0.2913815975189209,0.2948349118232727,0.2418738752603531,0.3351580798625946,0.06062000021338463,0.17437999844551086,0.24655999839305878,0.05382000058889389,0.15322000086307525,0.22106000185012817,clipkd_mammoth_v1_e8
clipkd_mammoth_v1_e8,wit,ms,59504,10000,5,0.2953401803970337,0.29873016476631165,0.24642299115657806,0.33867233991622925,0.063680000603199,0.1877000004053116,0.27357999682426454,0.058000000566244124,0.1690400004386902,0.2521200031042099,clipkd_mammoth_v1_e8
clipkd_mammoth_v1_e8,wit,my,9941,9941,1,0.2701152265071869,0.26626908779144287,0.22561055421829224,0.3205246925354004,0.027964994311332703,0.07474096864461899,0.10491902381181717,0.020219294354319572,0.06015491485595703,0.088824063539505,clipkd_mammoth_v1_e8
clipkd_mammoth_v1_e8,wit,th,55594,10000,5,0.2931235432624817,0.29642897844314575,0.2450198084115982,0.3357439935207367,0.04502000063657761,0.1437399983406067,0.2171400010585785,0.04038000032305718,0.12883999943733215,0.19900000393390654,clipkd_mammoth_v1_e8
clipkd_mammoth_v1_e8,wit,vi,203979,10000,5,0.2982799708843231,0.3024005889892578,0.2505163848400116,0.3386048376560211,0.059539999812841415,0.18214000165462493,0.26640000343322756,0.05697999969124794,0.1686999976634979,0.24735999703407288,clipkd_mammoth_v1_e8
clipkd_nokd_v1_e16,bloom,fil,558,558,1,0.4329921305179596,0.44406670331954956,0.34341737627983093,0.5035979747772217,0.06451612710952759,0.18637992441654205,0.25806450843811035,0.03405017778277397,0.13799282908439636,0.189964160323143,clipkd_nokd_v1_e16
clipkd_nokd_v1_e16,bloom,id,2169,2169,1,0.4464736878871918,0.4502331614494324,0.3794877529144287,0.5088680982589722,0.028123559430241585,0.09082526713609695,0.1360073834657669,0.017980637028813362,0.05993545427918434,0.08990318328142166,clipkd_nokd_v1_e16
clipkd_nokd_v1_e16,bloom,km,308,308,1,0.42486461997032166,0.42902207374572754,0.3487852215766907,0.49619051814079285,0.003246753243729472,0.04220779240131378,0.08766233921051025,0.012987012974917889,0.048701297491788864,0.0714285746216774,clipkd_nokd_v1_e16
clipkd_nokd_v1_e16,bloom,ms,102,102,1,0.39396628737449646,0.39771032333374023,0.3077482283115387,0.4855455160140991,0.10784313827753067,0.3333333432674408,0.5392156839370728,0.12745098769664764,0.3529411852359772,0.5588235259056091,clipkd_nokd_v1_e16
clipkd_nokd_v1_e16,bloom,my,419,419,1,0.4433956742286682,0.451088011264801,0.3690859377384186,0.509692907333374,0.01193317398428917,0.03341288864612579,0.05727923661470413,0.0071599045768380165,0.01909307949244976,0.040572792291641235,clipkd_nokd_v1_e16
clipkd_nokd_v1_e16,bloom,th,3009,3009,1,0.43961605429649353,0.45016974210739136,0.37217283248901367,0.4891967177391052,0.004320372361689806,0.011631770990788937,0.021269524469971657,0.0023263543844223022,0.00963775347918272,0.015287471003830433,clipkd_nokd_v1_e16
clipkd_nokd_v1_e16,bloom,vi,22,22,1,0.39749857783317566,0.40122753381729126,0.36121487617492676,0.43217045068740845,0.09090909361839294,0.27272728085517883,0.5454545617103577,0.09090909361839294,0.22727273404598236,0.5,clipkd_nokd_v1_e16
clipkd_nokd_v1_e16,cgoe,id,223098,10000,5,0.41783830523490906,0.4163864850997925,0.3583393394947052,0.48006805777549744,0.09403999894857407,0.19831999838352204,0.26088000535964967,0.08323999941349029,0.18461999893188477,0.24801999628543853,clipkd_nokd_v1_e16
clipkd_nokd_v1_e16,cgoe,jv,39747,10000,5,0.43969592452049255,0.441098690032959,0.37168386578559875,0.5060561299324036,0.12199999988079072,0.2645599961280823,0.3361400067806244,0.10949999839067459,0.23980000019073486,0.3112999975681305,clipkd_nokd_v1_e16
clipkd_nokd_v1_e16,cgoe,ms,161397,10000,5,0.41293585300445557,0.4095211327075958,0.3567291498184204,0.4751783609390259,0.09915999919176102,0.19451999962329863,0.24830000400543212,0.08566000014543533,0.18310000300407409,0.23594000041484833,clipkd_nokd_v1_e16
clipkd_nokd_v1_e16,cgoe,su,21238,10000,5,0.44779127836227417,0.44975510239601135,0.37740615010261536,0.515537440776825,0.12206000238656997,0.2812399983406067,0.3614400029182434,0.11598000079393386,0.258979994058609,0.33700000047683715,clipkd_nokd_v1_e16
clipkd_nokd_v1_e16,cgoe,th,58433,10000,5,0.39860934019088745,0.3982486128807068,0.3497709035873413,0.4491814374923706,0.0220600001513958,0.05854000002145767,0.0915800005197525,0.014640000090003014,0.04932000041007996,0.07955999970436096,clipkd_nokd_v1_e16
clipkd_nokd_v1_e16,cgoe,vi,199562,10000,5,0.4087553322315216,0.40681588649749756,0.3550053834915161,0.4652296304702759,0.07797999978065491,0.16265999674797058,0.21225999891757966,0.06452000141143799,0.1467600017786026,0.19703999757766724,clipkd_nokd_v1_e16
clipkd_nokd_v1_e16,wit,id,146744,10000,5,0.4351152181625366,0.4389536380767822,0.37001997232437134,0.49421870708465576,0.09743999987840653,0.24713999927043914,0.33925999999046325,0.08075999915599823,0.2252800017595291,0.3152999997138977,clipkd_nokd_v1_e16
clipkd_nokd_v1_e16,wit,jv,11926,10000,5,0.42923352122306824,0.4324561357498169,0.36051347851753235,0.49324217438697815,0.08416000008583069,0.20653999745845794,0.28141999840736387,0.07031999975442886,0.1805200010538101,0.25716000199317934,clipkd_nokd_v1_e16
clipkd_nokd_v1_e16,wit,ms,59504,10000,5,0.43584805727005005,0.43961942195892334,0.3692891597747803,0.4971162676811218,0.0953799992799759,0.24305999875068665,0.3369599997997284,0.07996000051498413,0.22432000041007996,0.3182799994945526,clipkd_nokd_v1_e16
clipkd_nokd_v1_e16,wit,my,9941,9941,1,0.3950166404247284,0.3829672932624817,0.3368147015571594,0.4779312312602997,0.04214867576956749,0.0928478017449379,0.1266472190618515,0.026053717359900475,0.07011367380619049,0.10341011732816696,clipkd_nokd_v1_e16
clipkd_nokd_v1_e16,wit,th,55594,10000,5,0.4177820682525635,0.41976800560951233,0.3571411073207855,0.4748552143573761,0.04516000002622604,0.1312600016593933,0.19571999907493592,0.03153999969363212,0.1077799990773201,0.16645999848842621,clipkd_nokd_v1_e16
clipkd_nokd_v1_e16,wit,vi,203979,10000,5,0.4349885582923889,0.43846383690834045,0.37086933851242065,0.49348896741867065,0.07928000092506408,0.2087000012397766,0.28913999199867246,0.06471999883651733,0.18422000110149384,0.26583999395370483,clipkd_nokd_v1_e16
clipkd_nokd_v1_e24,bloom,fil,558,558,1,0.45229077339172363,0.4554665684700012,0.40550896525382996,0.5006572008132935,0.17562724649906158,0.38530465960502625,0.5107526779174805,0.1272401362657547,0.32078853249549866,0.4354838728904724,clipkd_nokd_v1_e24
clipkd_nokd_v1_e24,bloom,id,2169,2169,1,0.46258166432380676,0.4636828303337097,0.41701364517211914,0.5077856183052063,0.048870448023080826,0.18072845041751862,0.267865389585495,0.029045643284916878,0.11203319579362869,0.17842324078083038,clipkd_nokd_v1_e24
clipkd_nokd_v1_e24,bloom,km,308,308,1,0.4380725622177124,0.4412398338317871,0.3980039060115814,0.4713294208049774,0.051948051899671555,0.15584415197372437,0.27272728085517883,0.02922077849507332,0.08116883039474487,0.13311688601970673,clipkd_nokd_v1_e24
clipkd_nokd_v1_e24,bloom,ms,102,102,1,0.4419403374195099,0.4550743103027344,0.34711378812789917,0.5116062164306641,0.19607843458652496,0.5588235259056091,0.7941176295280457,0.1666666716337204,0.5196078419685364,0.7254902124404907,clipkd_nokd_v1_e24
clipkd_nokd_v1_e24,bloom,my,419,419,1,0.429332435131073,0.43699097633361816,0.37730807065963745,0.4706500470638275,0.01909307949244976,0.069212406873703,0.11694511026144028,0.00477326987311244,0.03818615898489952,0.07875894755125046,clipkd_nokd_v1_e24
clipkd_nokd_v1_e24,bloom,th,3009,3009,1,0.43402037024497986,0.43763217329978943,0.40564802289009094,0.4600125551223755,0.010634762234985828,0.03755400329828262,0.06114988401532173,0.005982053931802511,0.016949152573943138,0.031239613890647888,clipkd_nokd_v1_e24
clipkd_nokd_v1_e24,bloom,vi,22,22,1,0.44329938292503357,0.44086092710494995,0.4149254560470581,0.48330041766166687,0.04545454680919647,0.27272728085517883,0.6363636255264282,0.04545454680919647,0.3636363744735718,0.5,clipkd_nokd_v1_e24
clipkd_nokd_v1_e24,cgoe,id,223098,10000,5,0.4290824234485626,0.4295089840888977,0.3747156858444214,0.48318061232566833,0.22385999858379363,0.42456000447273257,0.515880000591278,0.20521999895572662,0.4059000015258789,0.4987199902534485,clipkd_nokd_v1_e24
clipkd_nokd_v1_e24,cgoe,jv,39747,10000,5,0.4482285976409912,0.44909870624542236,0.3949868083000183,0.5014105439186096,0.2702400028705597,0.5249400019645691,0.6238600134849548,0.25639999508857725,0.4983799993991852,0.5947999835014344,clipkd_nokd_v1_e24
clipkd_nokd_v1_e24,cgoe,ms,161397,10000,5,0.4287495017051697,0.4292168617248535,0.37274861335754395,0.48506346344947815,0.22968000471591948,0.4238800048828125,0.5085399985313416,0.21328000128269195,0.40519999861717226,0.4889600038528442,clipkd_nokd_v1_e24
clipkd_nokd_v1_e24,cgoe,su,21238,10000,5,0.45616769790649414,0.4581553339958191,0.4022965431213379,0.5073557496070862,0.26420000195503235,0.5483000040054321,0.6609799981117248,0.2632200002670288,0.5335799932479859,0.6342399954795838,clipkd_nokd_v1_e24
clipkd_nokd_v1_e24,cgoe,th,58433,10000,5,0.4000263214111328,0.4001290798187256,0.355381041765213,0.44444701075553894,0.05177999958395958,0.12965999990701677,0.18461999893188477,0.03711999952793121,0.10566000044345855,0.15592000186443328,clipkd_nokd_v1_e24
clipkd_nokd_v1_e24,cgoe,vi,199562,10000,5,0.4208492040634155,0.4196372628211975,0.3681138753890991,0.4763958752155304,0.19175999760627746,0.3609399974346161,0.44139999747276304,0.17378000319004058,0.3404799997806549,0.4213200032711029,clipkd_nokd_v1_e24
clipkd_nokd_v1_e24,wit,id,146744,10000,5,0.43670791387557983,0.43874770402908325,0.3877755403518677,0.48273003101348877,0.18258000016212464,0.4150799989700317,0.5366599917411804,0.16293999850749968,0.39070000052452086,0.512059998512268,clipkd_nokd_v1_e24
clipkd_nokd_v1_e24,wit,jv,11926,10000,5,0.438079297542572,0.4400750398635864,0.38683345913887024,0.4854860305786133,0.18265999853610992,0.40145999789237974,0.5186800003051758,0.1620199978351593,0.3796800017356873,0.4941200017929077,clipkd_nokd_v1_e24
clipkd_nokd_v1_e24,wit,ms,59504,10000,5,0.4376268982887268,0.439552903175354,0.3878731429576874,0.4843408465385437,0.1806199997663498,0.41830000281333923,0.542799997329712,0.16294000148773194,0.39714000225067136,0.5214999914169312,clipkd_nokd_v1_e24
clipkd_nokd_v1_e24,wit,my,9941,9941,1,0.4018774628639221,0.39709579944610596,0.3469962477684021,0.46448126435279846,0.08500150591135025,0.17825168371200562,0.2354893833398819,0.06307212263345718,0.14988431334495544,0.200382262468338,clipkd_nokd_v1_e24
clipkd_nokd_v1_e24,wit,th,55594,10000,5,0.41788971424102783,0.4201368987560272,0.3682531714439392,0.46386635303497314,0.08845999985933303,0.23387999832630157,0.33076000213623047,0.06852000057697297,0.20476000010967255,0.29567999839782716,clipkd_nokd_v1_e24
clipkd_nokd_v1_e24,wit,vi,203979,10000,5,0.43412673473358154,0.43639153242111206,0.38609951734542847,0.47859838604927063,0.15938000082969667,0.36893999576568604,0.4837400019168854,0.14018000066280364,0.3448599994182587,0.4577000021934509,clipkd_nokd_v1_e24
clipkd_nokd_v1_e32,bloom,fil,558,558,1,0.4453265964984894,0.444680392742157,0.4122198820114136,0.4784385561943054,0.30645161867141724,0.6953405141830444,0.8207885026931763,0.2921147048473358,0.6684587597846985,0.8082437515258789,clipkd_nokd_v1_e32
clipkd_nokd_v1_e32,bloom,id,2169,2169,1,0.44644707441329956,0.4458359479904175,0.4119446873664856,0.48287904262542725,0.11987090855836868,0.34071001410484314,0.47487321496009827,0.08667588979005814,0.275703102350235,0.4098663032054901,clipkd_nokd_v1_e32
clipkd_nokd_v1_e32,bloom,km,308,308,1,0.4347270727157593,0.43375927209854126,0.40097641944885254,0.4683879315853119,0.09090909361839294,0.38311687111854553,0.5746753215789795,0.05844155699014664,0.24350649118423462,0.4220779240131378,clipkd_nokd_v1_e32
clipkd_nokd_v1_e32,bloom,ms,102,102,1,0.44849005341529846,0.44332000613212585,0.42022544145584106,0.4860329031944275,0.3921568691730499,0.8725489974021912,0.9901960492134094,0.38235294818878174,0.8333333134651184,0.9509803652763367,clipkd_nokd_v1_e32
clipkd_nokd_v1_e32,bloom,my,419,419,1,0.43109962344169617,0.43323057889938354,0.39808499813079834,0.45854446291923523,0.06205250695347786,0.19570405781269073,0.31980907917022705,0.03818615898489952,0.1360381841659546,0.2267303168773651,clipkd_nokd_v1_e32
clipkd_nokd_v1_e32,bloom,th,3009,3009,1,0.4295225441455841,0.4302814304828644,0.4042258560657501,0.45400702953338623,0.026586905121803284,0.08374875038862228,0.1309405118227005,0.016616815701127052,0.05616483837366104,0.09405118227005005,clipkd_nokd_v1_e32
clipkd_nokd_v1_e32,bloom,vi,22,22,1,0.43911540508270264,0.4468241333961487,0.4142680764198303,0.46373337507247925,0.09090909361839294,0.40909090638160706,0.7727272510528564,0.1818181872367859,0.6818181872367859,0.7272727489471436,clipkd_nokd_v1_e32
clipkd_nokd_v1_e32,cgoe,id,223098,10000,5,0.43729689717292786,0.437969446182251,0.39947545528411865,0.4747825562953949,0.44711999893188475,0.776960015296936,0.8674200177192688,0.46167999505996704,0.7745399951934815,0.8594799876213074,clipkd_nokd_v1_e32
clipkd_nokd_v1_e32,cgoe,jv,39747,10000,5,0.4433757960796356,0.44404709339141846,0.4053504168987274,0.4808642566204071,0.44950000643730165,0.7959800124168396,0.8815199971199036,0.4507200002670288,0.7824800133705139,0.865939998626709,clipkd_nokd_v1_e32
clipkd_nokd_v1_e32,cgoe,ms,161397,10000,5,0.43758702278137207,0.4385610520839691,0.39947494864463806,0.47493213415145874,0.46335999965667723,0.7850600004196167,0.8691599845886231,0.4824599981307983,0.7855999946594239,0.8644199967384338,clipkd_nokd_v1_e32
clipkd_nokd_v1_e32,cgoe,su,21238,10000,5,0.44777345657348633,0.44887515902519226,0.41016948223114014,0.4844343066215515,0.43232000470161436,0.8230800151824951,0.910479998588562,0.43408000469207764,0.8072000026702881,0.8963800072669983,clipkd_nokd_v1_e32
clipkd_nokd_v1_e32,cgoe,th,58433,10000,5,0.415933221578598,0.4167385697364807,0.3789737820625305,0.45186847448349,0.1495800018310547,0.3611199975013733,0.474399995803833,0.12486000061035156,0.32644000053405764,0.4355400025844574,clipkd_nokd_v1_e32
clipkd_nokd_v1_e32,cgoe,vi,199562,10000,5,0.43205979466438293,0.4328637421131134,0.39303267002105713,0.47054535150527954,0.4011799991130829,0.709500002861023,0.805019986629486,0.41113999485969543,0.7081200122833252,0.7997600078582764,clipkd_nokd_v1_e32
clipkd_nokd_v1_e32,wit,id,146744,10000,5,0.43945538997650146,0.43957769870758057,0.40415501594543457,0.4748585522174835,0.31790000200271606,0.6852800011634826,0.8188599944114685,0.3206199944019318,0.6754000067710877,0.804040002822876,clipkd_nokd_v1_e32
clipkd_nokd_v1_e32,wit,jv,11926,10000,5,0.4426227807998657,0.4428025782108307,0.4079176187515259,0.4772423803806305,0.3189800024032593,0.6713600039482117,0.7987599849700928,0.3241999983787537,0.667739987373352,0.7839400172233582,clipkd_nokd_v1_e32
clipkd_nokd_v1_e32,wit,ms,59504,10000,5,0.4404650628566742,0.4409293532371521,0.4052891433238983,0.4754090905189514,0.32301999926567077,0.6906199932098389,0.8214200019836426,0.32102000117301943,0.6823799967765808,0.8093600034713745,clipkd_nokd_v1_e32
clipkd_nokd_v1_e32,wit,my,9941,9941,1,0.41941380500793457,0.4214065670967102,0.3752025365829468,0.4598703682422638,0.15209737420082092,0.3510713279247284,0.4604164659976959,0.14435167610645294,0.3283371925354004,0.4310431480407715,clipkd_nokd_v1_e32
clipkd_nokd_v1_e32,wit,th,55594,10000,5,0.4288731515407562,0.4293317198753357,0.3948594927787781,0.4623796045780182,0.18106000125408173,0.4582799971103668,0.6138999938964844,0.1654000014066696,0.4418000042438507,0.5924199938774108,clipkd_nokd_v1_e32
clipkd_nokd_v1_e32,wit,vi,203979,10000,5,0.43631604313850403,0.43587982654571533,0.40255916118621826,0.47082778811454773,0.27506000399589536,0.6060800075531005,0.7440400004386902,0.2698000013828278,0.5949599981307984,0.7248599886894226,clipkd_nokd_v1_e32
clipkd_nokd_v1_e8,bloom,fil,558,558,1,0.41858989000320435,0.43192553520202637,0.33958518505096436,0.48114052414894104,0.03405017778277397,0.09677419066429138,0.14695340394973755,0.02150537632405758,0.08960573375225067,0.12186379730701447,clipkd_nokd_v1_e8
clipkd_nokd_v1_e8,bloom,id,2169,2169,1,0.438844233751297,0.445921927690506,0.37313637137413025,0.49287715554237366,0.011526049114763737,0.048870448023080826,0.07791609317064285,0.00968188140541315,0.03780544176697731,0.06685108691453934,clipkd_nokd_v1_e8
clipkd_nokd_v1_e8,bloom,km,308,308,1,0.40880003571510315,0.41360151767730713,0.3205413818359375,0.48480024933815,0.006493506487458944,0.022727273404598236,0.07792207598686218,0.006493506487458944,0.0357142873108387,0.055194806307554245,clipkd_nokd_v1_e8
clipkd_nokd_v1_e8,bloom,ms,102,102,1,0.3905583322048187,0.3954170048236847,0.31312185525894165,0.46549880504608154,0.0784313753247261,0.3529411852359772,0.4901960790157318,0.0784313753247261,0.2450980395078659,0.45098039507865906,clipkd_nokd_v1_e8
clipkd_nokd_v1_e8,bloom,my,419,419,1,0.4049833118915558,0.412477970123291,0.31909623742103577,0.4784177839756012,0.00954653974622488,0.026252983137965202,0.052505966275930405,0.00477326987311244,0.02386634796857834,0.040572792291641235,clipkd_nokd_v1_e8
clipkd_nokd_v1_e8,bloom,th,3009,3009,1,0.45893892645835876,0.4731106758117676,0.3860757648944855,0.5075064301490784,0.0023263543844223022,0.009305417537689209,0.017281489446759224,0.0009970089886337519,0.0029910269659012556,0.005982053931802511,clipkd_nokd_v1_e8
clipkd_nokd_v1_e8,bloom,vi,22,22,1,0.34047266840934753,0.34397172927856445,0.27921849489212036,0.40256866812705994,0.09090909361839294,0.22727273404598236,0.5,0.09090909361839294,0.27272728085517883,0.5454545617103577,clipkd_nokd_v1_e8
clipkd_nokd_v1_e8,cgoe,id,223098,10000,5,0.3967181444168091,0.3979443907737732,0.3354533612728119,0.4571281969547272,0.040699999779462814,0.10235999971628189,0.14187999665737153,0.030459999665617944,0.0829599991440773,0.12142000049352646,clipkd_nokd_v1_e8
clipkd_nokd_v1_e8,cgoe,jv,39747,10000,5,0.407268226146698,0.40893176198005676,0.3393184244632721,0.4722262918949127,0.055859999358654024,0.13060000240802766,0.1774999976158142,0.039799999445676804,0.10204000025987625,0.14592000246047973,clipkd_nokd_v1_e8
clipkd_nokd_v1_e8,cgoe,ms,161397,10000,5,0.3915953040122986,0.3930462896823883,0.33298373222351074,0.44828954339027405,0.03724000006914139,0.08971999883651734,0.1241000011563301,0.026979999989271163,0.07219999879598618,0.10483999997377395,clipkd_nokd_v1_e8
clipkd_nokd_v1_e8,cgoe,su,21238,10000,5,0.4128807783126831,0.4145384430885315,0.34370070695877075,0.4801483452320099,0.05454000011086464,0.13648000061511995,0.18410000205039978,0.040219999849796295,0.1049799993634224,0.14749999940395356,clipkd_nokd_v1_e8
clipkd_nokd_v1_e8,cgoe,th,58433,10000,5,0.3783460855484009,0.3781002163887024,0.3229689300060272,0.43529993295669556,0.009180000051856041,0.030880000069737436,0.05138000026345253,0.005740000028163194,0.02250000014901161,0.03765999972820282,clipkd_nokd_v1_e8
clipkd_nokd_v1_e8,cgoe,vi,199562,10000,5,0.38837459683418274,0.3897342085838318,0.33161965012550354,0.4440377354621887,0.029579999670386315,0.07464000135660172,0.1060599997639656,0.021159999817609788,0.06036000028252601,0.09099999815225601,clipkd_nokd_v1_e8
clipkd_nokd_v1_e8,wit,id,146744,10000,5,0.43105852603912354,0.43491190671920776,0.36205512285232544,0.4949929714202881,0.0613599993288517,0.1692799985408783,0.24469999670982362,0.04909999966621399,0.14805999994277955,0.21897999942302704,clipkd_nokd_v1_e8
clipkd_nokd_v1_e8,wit,jv,11926,10000,5,0.42132601141929626,0.42352181673049927,0.3486885726451874,0.4907187819480896,0.04993999972939491,0.13915999829769135,0.19757999777793883,0.037799999862909314,0.11798000037670135,0.17698000073432923,clipkd_nokd_v1_e8
clipkd_nokd_v1_e8,wit,ms,59504,10000,5,0.4313744306564331,0.4353891909122467,0.3604860007762909,0.496798574924469,0.06104000061750412,0.1758199989795685,0.2539199948310852,0.049240000545978546,0.15502000153064727,0.23214000165462495,clipkd_nokd_v1_e8
clipkd_nokd_v1_e8,wit,my,9941,9941,1,0.3853239119052887,0.37240785360336304,0.32519426941871643,0.4712180495262146,0.028266774490475655,0.07001307606697083,0.0980786606669426,0.01619555428624153,0.049693189561367035,0.0768534317612648,clipkd_nokd_v1_e8
clipkd_nokd_v1_e8,wit,th,55594,10000,5,0.4064694344997406,0.4072030186653137,0.34206056594848633,0.47140997648239136,0.024940000474452974,0.07808000147342682,0.12229999899864197,0.01820000000298023,0.061560001224279404,0.10186000019311905,clipkd_nokd_v1_e8
clipkd_nokd_v1_e8,wit,vi,203979,10000,5,0.4283798038959503,0.4317827820777893,0.3580801784992218,0.4934120774269104,0.04725999981164932,0.1388999968767166,0.20634000301361083,0.03791999965906143,0.11915999948978424,0.18508000075817108,clipkd_nokd_v1_e8
mc2_e0,bloom,ceb,2951,2951,1,0.11954464763402939,0.12006755918264389,0.055953312665224075,0.18124663829803467,0.00304981367662549,0.008810572326183319,0.01219925470650196,0.005083022639155388,0.01050491351634264,0.015926804393529892,mc2_e0
mc2_e0,bloom,fil,558,558,1,0.10423488914966583,0.1022007018327713,0.03451574221253395,0.1796877384185791,0.0197132620960474,0.044802866876125336,0.05734767019748688,0.017921147868037224,0.032258063554763794,0.04301075264811516,mc2_e0
mc2_e0,bloom,id,2169,2169,1,0.10320297628641129,0.10326295346021652,0.04045366123318672,0.1647014617919922,0.0009220839128829539,0.006454587448388338,0.007837713696062565,0.0009220839128829539,0.003227293724194169,0.00968188140541315,mc2_e0
mc2_e0,bloom,km,308,308,1,0.03693766891956329,0.03793959692120552,-0.00936009269207716,0.08278389275074005,0.003246753243729472,0.022727273404598236,0.0357142873108387,0.003246753243729472,0.012987012974917889,0.012987012974917889,mc2_e0
mc2_e0,bloom,ms,102,102,1,0.11639438569545746,0.10866108536720276,0.04735180735588074,0.2010166049003601,0.009803921915590763,0.009803921915590763,0.05882352963089943,0.019607843831181526,0.03921568766236305,0.0784313753247261,mc2_e0
mc2_e0,bloom,my,419,419,1,0.04734071344137192,0.050687674432992935,-0.004329988267272711,0.09504927694797516,0.00238663493655622,0.016706444323062897,0.021479712799191475,0.00238663493655622,0.00954653974622488,0.016706444323062897,mc2_e0
mc2_e0,bloom,th,3009,3009,1,0.026255734264850616,0.024820297956466675,-0.010401010513305664,0.06491480767726898,0.00033233631984330714,0.0023263543844223022,0.004320372361689806,0.00033233631984330714,0.0019940179772675037,0.003655699547380209,mc2_e0
mc2_e0,bloom,vi,22,22,1,0.05038687214255333,0.043656088411808014,0.011792543344199657,0.10994970053434372,0.09090909361839294,0.1818181872367859,0.3181818127632141,0.09090909361839294,0.27272728085517883,0.4545454680919647,mc2_e0
mc2_e0,cgoe,id,223098,10000,5,0.09952398389577866,0.09855253994464874,0.010556134395301342,0.1890822798013687,0.003560000052675605,0.011480000056326389,0.016839999705553055,0.0016999999526888133,0.005719999969005585,0.009520000033080577,mc2_e0
mc2_e0,cgoe,jv,39747,10000,5,0.12433171272277832,0.12207766622304916,0.04197249934077263,0.2116278111934662,0.004440000001341105,0.013499999977648258,0.021579999849200247,0.0019800000358372928,0.006039999984204769,0.009500000067055226,mc2_e0
mc2_e0,cgoe,ms,161397,10000,5,0.10723476111888885,0.10701513290405273,0.02619136869907379,0.1880851835012436,0.0029199999757111073,0.00876000002026558,0.014199999906122685,0.0012999999802559615,0.004379999963566661,0.0067599998787045475,mc2_e0
mc2_e0,cgoe,su,21238,10000,5,0.11229047924280167,0.11082631349563599,0.02881823666393757,0.19786962866783142,0.0029000000096857546,0.009320000186562538,0.01472000014036894,0.0008000000001629814,0.002760000014677644,0.0053600000217556955,mc2_e0
mc2_e0,cgoe,th,58433,10000,5,0.007873673923313618,0.0018436592072248459,-0.04525987431406975,0.06951583921909332,0.00024000000703381375,0.0009799999883398415,0.0017199999885633588,7.999999797903001e-05,0.0005400000081863254,0.0009400000097230076,mc2_e0
mc2_e0,cgoe,vi,199562,10000,5,0.06276249140501022,0.058175742626190186,-0.007061799056828022,0.1392458826303482,0.0018400000175461174,0.0050200000405311584,0.007479999866336584,0.00018000000418396666,0.0006600000080652535,0.0013999999966472388,mc2_e0
mc2_e0,wit,id,146744,10000,5,0.18260613083839417,0.17839054763317108,0.09354987740516663,0.2814335227012634,0.036419999599456784,0.08199999928474426,0.10754000097513199,0.027140000462532045,0.06738000065088272,0.09217999875545502,mc2_e0
mc2_e0,wit,jv,11926,10000,5,0.1893342286348343,0.18207839131355286,0.10205318033695221,0.292289674282074,0.04683999940752983,0.09844000041484832,0.1240799993276596,0.033959999680519104,0.08193999826908112,0.10884000062942505,mc2_e0
mc2_e0,wit,ms,59504,10000,5,0.1815299242734909,0.1767728328704834,0.08826366066932678,0.28610822558403015,0.04013999998569488,0.08651999980211258,0.11346000134944915,0.02857999987900257,0.07180000096559525,0.09896000027656555,mc2_e0
mc2_e0,wit,my,9941,9941,1,0.09226410835981369,0.05017253756523132,-0.025253642350435257,0.29459983110427856,0.04476410895586014,0.087013378739357,0.10622673481702805,0.026757871732115746,0.0550246462225914,0.07514334470033646,mc2_e0
mc2_e0,wit,th,55594,10000,5,0.05738981440663338,0.04223662614822388,-0.020860977470874786,0.14799852669239044,0.020660000294446944,0.03789999932050705,0.04472000077366829,0.008679999969899654,0.01954000033438206,0.025520000234246255,mc2_e0
mc2_e0,wit,vi,203979,10000,5,0.1149936094880104,0.10000725090503693,0.01981262117624283,0.2368534654378891,0.022639999538660048,0.04560000076889992,0.058500000089406964,0.011720000021159648,0.027779999747872354,0.0379600003361702,mc2_e0
mc2_e16,bloom,ceb,2951,2951,1,0.29696953296661377,0.2979201376438141,0.27836355566978455,0.31396669149398804,0.030498135834932327,0.09251101315021515,0.1257200986146927,0.02134869620203972,0.0721789225935936,0.106404609978199,mc2_e16
mc2_e16,bloom,fil,558,558,1,0.3007229268550873,0.3018640875816345,0.2795795798301697,0.32184794545173645,0.12544803321361542,0.2849462330341339,0.40860214829444885,0.11648745834827423,0.2455197125673294,0.35125449299812317,mc2_e16
mc2_e16,bloom,id,2169,2169,1,0.3069308400154114,0.30790773034095764,0.284348726272583,0.32870784401893616,0.03688335791230202,0.12816967070102692,0.20654679834842682,0.031811896711587906,0.10603965073823929,0.17427386343479156,mc2_e16
mc2_e16,bloom,km,308,308,1,0.31099095940589905,0.3130025565624237,0.2949572503566742,0.3254469335079193,0.019480518996715546,0.055194806307554245,0.11038961261510849,0.003246753243729472,0.048701297491788864,0.08766233921051025,mc2_e16
mc2_e16,bloom,ms,102,102,1,0.31427285075187683,0.31770601868629456,0.2883410155773163,0.34036391973495483,0.20588235557079315,0.5196078419685364,0.6960784196853638,0.22549019753932953,0.5490196347236633,0.7549019455909729,mc2_e16
mc2_e16,bloom,my,419,419,1,0.29136884212493896,0.2974270284175873,0.25188350677490234,0.32098665833473206,0.00954653974622488,0.040572792291641235,0.07637231796979904,0.0071599045768380165,0.021479712799191475,0.052505966275930405,mc2_e16
mc2_e16,bloom,th,3009,3009,1,0.31246620416641235,0.31685391068458557,0.29436764121055603,0.3252340257167816,0.005317381117492914,0.014622798189520836,0.02592223323881626,0.0019940179772675037,0.008973080664873123,0.016616815701127052,mc2_e16
mc2_e16,bloom,vi,22,22,1,0.31306618452072144,0.30903178453445435,0.2931596040725708,0.3378056585788727,0.09090909361839294,0.22727273404598236,0.4545454680919647,0.1818181872367859,0.40909090638160706,0.5454545617103577,mc2_e16
mc2_e16,cgoe,id,223098,10000,5,0.29349377751350403,0.29687657952308655,0.25554463267326355,0.32649827003479004,0.3621599912643433,0.604259991645813,0.6934400200843811,0.350900000333786,0.5859000086784363,0.6712200045585632,mc2_e16
mc2_e16,cgoe,jv,39747,10000,5,0.3017525374889374,0.3049706220626831,0.26848727464675903,0.3313908874988556,0.34521999955177307,0.6172599792480469,0.7083399891853333,0.3566999971866608,0.6046000003814698,0.6899399876594543,mc2_e16
mc2_e16,cgoe,ms,161397,10000,5,0.29048779606819153,0.2944794297218323,0.24959151446819305,0.3251730501651764,0.37039999961853026,0.5942799925804139,0.6742200136184693,0.3560800015926361,0.5746800065040588,0.6531799793243408,mc2_e16
mc2_e16,cgoe,su,21238,10000,5,0.30892786383628845,0.3122432231903076,0.2783626317977905,0.33517423272132874,0.37966000437736513,0.690939998626709,0.7798799872398376,0.36610000133514403,0.6392400026321411,0.7306599974632263,mc2_e16
mc2_e16,cgoe,th,58433,10000,5,0.2711625397205353,0.2720726728439331,0.23213668167591095,0.3083353042602539,0.06779999881982804,0.1705800026655197,0.23814000189304352,0.06154000088572502,0.15553999841213226,0.21441999971866607,mc2_e16
mc2_e16,cgoe,vi,199562,10000,5,0.2865203619003296,0.28944963216781616,0.24531856179237366,0.3233305513858795,0.30968000292778014,0.5179800033569336,0.6011199951171875,0.30459999442100527,0.50382000207901,0.5804199934005737,mc2_e16
mc2_e16,wit,id,146744,10000,5,0.29497048258781433,0.29771682620048523,0.2635892629623413,0.3222694396972656,0.29211999773979186,0.5891200065612793,0.711240005493164,0.3097800016403198,0.5973200082778931,0.709659993648529,mc2_e16
mc2_e16,wit,jv,11926,10000,5,0.2968299686908722,0.2998688220977783,0.26608791947364807,0.3231501579284668,0.26759999990463257,0.554200005531311,0.6701600074768066,0.3005400002002716,0.5624799966812134,0.6630199909210205,mc2_e16
mc2_e16,wit,ms,59504,10000,5,0.2953169345855713,0.2978817820549011,0.26502999663352966,0.32242652773857117,0.2935599982738495,0.5962199926376343,0.7170000076293945,0.31172000169754027,0.6037199974060059,0.716539990901947,mc2_e16
mc2_e16,wit,my,9941,9941,1,0.2573542296886444,0.2510451674461365,0.21192342042922974,0.311451256275177,0.10843979567289352,0.1828789860010147,0.21989738941192627,0.10552258044481277,0.18378432095050812,0.22341816127300262,mc2_e16
mc2_e16,wit,th,55594,10000,5,0.27991530299186707,0.28322115540504456,0.2403160035610199,0.31414610147476196,0.12678000181913376,0.31299999356269836,0.42562000155448915,0.1292199969291687,0.3135999977588654,0.4176800072193146,mc2_e16
mc2_e16,wit,vi,203979,10000,5,0.29198113083839417,0.294939249753952,0.26065030694007874,0.3200267255306244,0.23014000058174133,0.4930199980735779,0.6170199990272522,0.2523599982261658,0.5116400003433228,0.6254000067710876,mc2_e16
mc2_e24,bloom,ceb,2951,2951,1,0.3102180063724518,0.3113677501678467,0.291970431804657,0.32632845640182495,0.16536767780780792,0.4012199342250824,0.5398170351982117,0.14198577404022217,0.37478819489479065,0.504574716091156,mc2_e24
mc2_e24,bloom,fil,558,558,1,0.3111136257648468,0.3124755024909973,0.2942770719528198,0.32697805762290955,0.3584229350090027,0.7347670197486877,0.8709677457809448,0.3476702570915222,0.7311828136444092,0.8637992739677429,mc2_e24
mc2_e24,bloom,id,2169,2169,1,0.3152886629104614,0.31675776839256287,0.29813581705093384,0.3308286666870117,0.13462425768375397,0.41724297404289246,0.5703089237213135,0.1558321863412857,0.4015675485134125,0.5329645276069641,mc2_e24
mc2_e24,bloom,km,308,308,1,0.30682292580604553,0.30668359994888306,0.29538610577583313,0.31782305240631104,0.05844155699014664,0.20129869878292084,0.30519479513168335,0.02922077849507332,0.13636364042758942,0.22727273404598236,mc2_e24
mc2_e24,bloom,ms,102,102,1,0.31769534945487976,0.3192877173423767,0.30326515436172485,0.33056142926216125,0.4117647111415863,0.7941176295280457,0.9019607901573181,0.37254902720451355,0.7352941036224365,0.8725489974021912,mc2_e24
mc2_e24,bloom,my,419,419,1,0.30526044964790344,0.3083988428115845,0.2828664183616638,0.32243213057518005,0.03579952195286751,0.11694511026144028,0.21718376874923706,0.03818615898489952,0.12649165093898773,0.21002386510372162,mc2_e24
mc2_e24,bloom,th,3009,3009,1,0.30740886926651,0.3083581030368805,0.29337283968925476,0.3207058906555176,0.014290462248027325,0.04852110520005226,0.07942838221788406,0.017281489446759224,0.04553007706999779,0.06713193655014038,mc2_e24
mc2_e24,bloom,vi,22,22,1,0.3182813823223114,0.31887611746788025,0.29709091782569885,0.3420875370502472,0.09090909361839294,0.40909090638160706,0.5454545617103577,0.22727273404598236,0.5909090638160706,0.7272727489471436,mc2_e24
mc2_e24,cgoe,id,223098,10000,5,0.30451247096061707,0.30695343017578125,0.2815322279930115,0.3241899907588959,0.6713399887084961,0.8910200119018554,0.9340399980545044,0.6686999917030334,0.8735599994659424,0.9161399960517883,mc2_e24
mc2_e24,cgoe,jv,39747,10000,5,0.30467385053634644,0.307050883769989,0.28169170022010803,0.3244599997997284,0.5324600100517273,0.8386599898338318,0.9029600024223328,0.5680999875068664,0.8385800004005433,0.8942799925804138,mc2_e24
mc2_e24,cgoe,ms,161397,10000,5,0.3021361231803894,0.3049418330192566,0.27819496393203735,0.3222241699695587,0.6823799967765808,0.8855599999427796,0.9264399886131287,0.6737199902534485,0.872759997844696,0.9145799994468689,mc2_e24
mc2_e24,cgoe,su,21238,10000,5,0.3067224323749542,0.308474063873291,0.286220908164978,0.3251762092113495,0.5335599899291992,0.8720999956130981,0.9261600136756897,0.549780011177063,0.8578199982643128,0.9128199934959411,mc2_e24
mc2_e24,cgoe,th,58433,10000,5,0.2961053252220154,0.299469530582428,0.2650655508041382,0.32187145948410034,0.29365999698638917,0.5660199999809266,0.6668800115585327,0.3,0.5550400018692017,0.6440000057220459,mc2_e24
mc2_e24,cgoe,vi,199562,10000,5,0.2998669445514679,0.30290815234184265,0.2737388014793396,0.3215354382991791,0.6130400061607361,0.8457000017166137,0.8977800011634827,0.6305999994277954,0.8359599947929383,0.885699987411499,mc2_e24
mc2_e24,wit,id,146744,10000,5,0.3076331615447998,0.3093889355659485,0.28888270258903503,0.3244698941707611,0.5781400084495545,0.8829400062561035,0.9391800045967102,0.6212999820709229,0.8808399796485901,0.9315199851989746,mc2_e24
mc2_e24,wit,jv,11926,10000,5,0.30944809317588806,0.31136709451675415,0.2914579212665558,0.3251974880695343,0.5098600029945374,0.8497199892997742,0.9151999831199646,0.5924999952316284,0.8491600036621094,0.9047399878501892,mc2_e24
mc2_e24,wit,ms,59504,10000,5,0.30764147639274597,0.30932825803756714,0.2893087565898895,0.32429444789886475,0.5656000018119812,0.8817999839782715,0.94132000207901,0.6112000107765198,0.876199996471405,0.9321799993515014,mc2_e24
mc2_e24,wit,my,9941,9941,1,0.2909039855003357,0.29579752683639526,0.2535889446735382,0.31995537877082825,0.1804647445678711,0.3721959590911865,0.48335176706314087,0.2665727734565735,0.4626295268535614,0.5471280813217163,mc2_e24
mc2_e24,wit,th,55594,10000,5,0.30406805872917175,0.3060876429080963,0.2826941907405853,0.3229462504386902,0.38080000281333926,0.7431600093841553,0.8580199956893921,0.45098000168800356,0.7619799971580505,0.8529199957847595,mc2_e24
mc2_e24,wit,vi,203979,10000,5,0.30521705746650696,0.30720341205596924,0.28483128547668457,0.3231971561908722,0.4826800048351288,0.8122399926185608,0.891319990158081,0.5542999982833863,0.8245799899101257,0.8875199913978576,mc2_e24
mc2_e32,bloom,ceb,2951,2951,1,0.3199353516101837,0.32118967175483704,0.30619335174560547,0.33278295397758484,0.3043036162853241,0.6699423789978027,0.7956624627113342,0.2944764494895935,0.6387665271759033,0.7594035863876343,mc2_e32
mc2_e32,bloom,fil,558,558,1,0.32216498255729675,0.3231320083141327,0.3088921010494232,0.3353749215602875,0.5340501666069031,0.8960573673248291,0.9605734944343567,0.5716845989227295,0.8942652344703674,0.9462365508079529,mc2_e32
mc2_e32,bloom,id,2169,2169,1,0.3232419490814209,0.32392922043800354,0.3099313974380493,0.3363908529281616,0.2568003833293915,0.5933610200881958,0.7547256946563721,0.26325497031211853,0.5772245526313782,0.7169202566146851,mc2_e32
mc2_e32,bloom,km,308,308,1,0.3195975124835968,0.3197575807571411,0.30745968222618103,0.3308337330818176,0.1428571492433548,0.4188311696052551,0.6038960814476013,0.09090909361839294,0.3311688303947449,0.5,mc2_e32
mc2_e32,bloom,ms,102,102,1,0.32707107067108154,0.32770469784736633,0.3160402178764343,0.336597740650177,0.5098039507865906,0.9313725233078003,0.9901960492134094,0.46078431606292725,0.843137264251709,0.9313725233078003,mc2_e32
mc2_e32,bloom,my,419,419,1,0.32204410433769226,0.3230835795402527,0.3048546612262726,0.335907906293869,0.08353222161531448,0.28162291646003723,0.412887841463089,0.10501193255186081,0.3078759014606476,0.4295942783355713,mc2_e32
mc2_e32,bloom,th,3009,3009,1,0.32199811935424805,0.3224363923072815,0.3095353841781616,0.33418911695480347,0.027251578867435455,0.0903954803943634,0.1359255611896515,0.03688933327794075,0.10800930857658386,0.15819208323955536,mc2_e32
mc2_e32,bloom,vi,22,22,1,0.3344710171222687,0.33337485790252686,0.31816768646240234,0.3569556474685669,0.13636364042758942,0.3181818127632141,0.6818181872367859,0.13636364042758942,0.5454545617103577,0.8181818127632141,mc2_e32
mc2_e32,cgoe,id,223098,10000,5,0.3062250018119812,0.3078634738922119,0.2874372899532318,0.3231970965862274,0.7512400031089783,0.939959990978241,0.9677000045776367,0.7382000088691711,0.9194000124931335,0.9503200054168701,mc2_e32
mc2_e32,cgoe,jv,39747,10000,5,0.30637040734291077,0.3080748915672302,0.2873070538043976,0.3234281539916992,0.5671000003814697,0.8900400042533875,0.941699993610382,0.628659987449646,0.8887600064277649,0.9306200027465821,mc2_e32
mc2_e32,cgoe,ms,161397,10000,5,0.3042389154434204,0.3059116005897522,0.285169780254364,0.3213365375995636,0.7684200048446655,0.9387800097465515,0.9657399892807007,0.7601999998092651,0.9264600157737732,0.9567999958992004,mc2_e32
mc2_e32,cgoe,su,21238,10000,5,0.3075895607471466,0.30915266275405884,0.2884218692779541,0.32485517859458923,0.5813400030136109,0.9098999977111817,0.9526800036430358,0.5895599961280823,0.8923799991607666,0.9360200047492981,mc2_e32
mc2_e32,cgoe,th,58433,10000,5,0.3057835102081299,0.30837389826774597,0.2827358543872833,0.32537537813186646,0.44431999921798704,0.7613800168037415,0.8458399891853332,0.4761799991130829,0.7503400087356568,0.8183599948883057,mc2_e32
mc2_e32,cgoe,vi,199562,10000,5,0.3040655255317688,0.3056458830833435,0.2845993638038635,0.32161620259284973,0.7114599943161011,0.9238999962806702,0.9564200043678284,0.7362399935722351,0.9161399960517883,0.9474599957466125,mc2_e32
mc2_e32,mammoth,all,398170,10000,5,0.2149517685174942,0.21491767466068268,0.17020346224308014,0.25992298126220703,0.004399999976158142,0.012179999984800816,0.017139999940991402,0.0017199999885633588,0.006399999931454658,0.009700000286102295,mc2_e32
mc2_e32,wit,id,146744,10000,5,0.30856218934059143,0.31013041734695435,0.2930171489715576,0.3225136995315552,0.6509000062942505,0.9278400063514709,0.9632599949836731,0.7309000015258789,0.9311800003051758,0.9599600076675415,mc2_e32
mc2_e32,wit,jv,11926,10000,5,0.3109400272369385,0.3124402165412903,0.29638296365737915,0.3237166404724121,0.5767400026321411,0.9099799871444703,0.9507799983024597,0.7126399993896484,0.912279999256134,0.9455399870872497,mc2_e32
mc2_e32,wit,ms,59504,10000,5,0.3088342249393463,0.31040117144584656,0.2936880886554718,0.32260215282440186,0.6403799891471863,0.9276399970054626,0.9635200023651123,0.7210400104522705,0.9279399991035462,0.9598999977111816,mc2_e32
mc2_e32,wit,my,9941,9941,1,0.3068641424179077,0.3085039556026459,0.29019805788993835,0.32163718342781067,0.3108339309692383,0.63283371925354,0.781108558177948,0.5622170567512512,0.8171210289001465,0.8781812787055969,mc2_e32
mc2_e32,wit,th,55594,10000,5,0.3087365925312042,0.31020939350128174,0.292523056268692,0.32324790954589844,0.5166999936103821,0.8741400122642518,0.9447000026702881,0.6389200091362,0.8942000031471252,0.9425599813461304,mc2_e32
mc2_e32,wit,vi,203979,10000,5,0.307693749666214,0.30961012840270996,0.29094094038009644,0.322424978017807,0.5778800129890442,0.8892399907112122,0.9387200117111206,0.6826000094413758,0.8941200017929077,0.9330199956893921,mc2_e32
mc2_e8,bloom,ceb,2951,2951,1,0.2829430103302002,0.2867562770843506,0.2580912709236145,0.30183616280555725,0.005760759115219116,0.021687563508749008,0.035581160336732864,0.0010166045976802707,0.008810572326183319,0.01694340817630291,mc2_e8
mc2_e8,bloom,fil,558,558,1,0.2845139503479004,0.2895660996437073,0.2535127103328705,0.3087795078754425,0.04121863842010498,0.10035842657089233,0.14516128599643707,0.023297490552067757,0.07347670197486877,0.10573476552963257,mc2_e8
mc2_e8,bloom,id,2169,2169,1,0.29128602147102356,0.2944291830062866,0.2630695104598999,0.31460458040237427,0.01244813296943903,0.045182112604379654,0.07100046426057816,0.005993545521050692,0.020285846665501595,0.04149377718567848,mc2_e8
mc2_e8,bloom,km,308,308,1,0.31791844964027405,0.3221139907836914,0.2941138744354248,0.3362467288970947,0.006493506487458944,0.03896103799343109,0.08441558480262756,0.006493506487458944,0.02922077849507332,0.055194806307554245,mc2_e8
mc2_e8,bloom,ms,102,102,1,0.28482910990715027,0.2866583466529846,0.24850231409072876,0.31516075134277344,0.09803921729326248,0.30392158031463623,0.5098039507865906,0.03921568766236305,0.2549019753932953,0.4215686321258545,mc2_e8
mc2_e8,bloom,my,419,419,1,0.28871041536331177,0.2892288863658905,0.259715735912323,0.31794559955596924,0.00954653974622488,0.028639618307352066,0.05011933296918869,0.00238663493655622,0.021479712799191475,0.03818615898489952,mc2_e8
mc2_e8,bloom,th,3009,3009,1,0.30994361639022827,0.31534671783447266,0.27345454692840576,0.3380785882472992,0.0009970089886337519,0.0076437355019152164,0.01296111661940813,0.00033233631984330714,0.0023263543844223022,0.004985044710338116,mc2_e8
mc2_e8,bloom,vi,22,22,1,0.27160966396331787,0.26575133204460144,0.25077390670776367,0.3030526340007782,0.04545454680919647,0.22727273404598236,0.5,0.04545454680919647,0.3636363744735718,0.5454545617103577,mc2_e8
mc2_e8,cgoe,id,223098,10000,5,0.2623143196105957,0.26320880651474,0.21897242963314056,0.30448970198631287,0.07199999988079071,0.17327999770641328,0.23941999971866607,0.057760000228881836,0.14379999935626983,0.19932000041007997,mc2_e8
mc2_e8,cgoe,jv,39747,10000,5,0.27509093284606934,0.2777771055698395,0.22855444252490997,0.3167749047279358,0.06756000220775604,0.17080000042915344,0.23763999938964844,0.07066000103950501,0.1730800002813339,0.23235999941825866,mc2_e8
mc2_e8,cgoe,ms,161397,10000,5,0.25436243414878845,0.2520110607147217,0.21248282492160797,0.3006027042865753,0.07624000161886216,0.17316000163555145,0.23314000070095062,0.05527999997138977,0.13632000088691712,0.19057999849319457,mc2_e8
mc2_e8,cgoe,su,21238,10000,5,0.28140655159950256,0.2847098708152771,0.2375013381242752,0.31952717900276184,0.09179999828338622,0.22793999910354615,0.3056599974632263,0.07046000212430954,0.17601999938488005,0.23792000114917755,mc2_e8
mc2_e8,cgoe,th,58433,10000,5,0.25104108452796936,0.24917075037956238,0.2142619639635086,0.29099562764167786,0.009139999747276306,0.03346000090241432,0.05644000023603439,0.008079999871551991,0.027239999547600747,0.045520000904798505,mc2_e8
mc2_e8,cgoe,vi,199562,10000,5,0.2532465159893036,0.2519116997718811,0.21273404359817505,0.29703792929649353,0.05490000024437904,0.1331399992108345,0.18263999819755555,0.045740000903606415,0.10676000118255616,0.15070000290870667,mc2_e8
mc2_e8,wit,id,146744,10000,5,0.2865678369998932,0.2893078327178955,0.24586798250675201,0.3229440748691559,0.08822000026702881,0.23928000032901764,0.3411400020122528,0.08946000039577484,0.2458999991416931,0.34338000416755676,mc2_e8
mc2_e8,wit,jv,11926,10000,5,0.2876506447792053,0.2908894121646881,0.2457079440355301,0.32413867115974426,0.0801800012588501,0.21836000084877014,0.31597999930381776,0.09159999936819077,0.22799999713897706,0.3147999942302704,mc2_e8
mc2_e8,wit,ms,59504,10000,5,0.28733694553375244,0.2902873754501343,0.24640150368213654,0.3236806392669678,0.08467999994754791,0.24208000004291536,0.34546000361442564,0.09029999971389771,0.24853999316692352,0.3484599947929382,mc2_e8
mc2_e8,wit,my,9941,9941,1,0.25597962737083435,0.24426445364952087,0.21636052429676056,0.31599417328834534,0.048586662858724594,0.10220299661159515,0.1336887627840042,0.030781611800193787,0.07484156638383865,0.1045166477560997,mc2_e8
mc2_e8,wit,th,55594,10000,5,0.27024906873703003,0.2706282436847687,0.22763094305992126,0.31167715787887573,0.03709999993443489,0.1097800001502037,0.16646000146865844,0.03037999980151653,0.09855999946594238,0.15178000032901764,mc2_e8
mc2_e8,wit,vi,203979,10000,5,0.28393736481666565,0.28672105073928833,0.24259455502033234,0.320839524269104,0.07166000008583069,0.19979999959468842,0.2858199954032898,0.07390000075101852,0.20770000219345092,0.2929199993610382,mc2_e8
mc2bloom_e16,cgoe,id,223098,10000,5,0.2843784689903259,0.2850024104118347,0.25004130601882935,0.3182792663574219,0.00013999999646330252,0.0005200000246986747,0.0009400000097230076,5.999999848427251e-05,0.00042000000539701434,0.0009800000116229057,mc2bloom_e16
mc2bloom_e16,cgoe,jv,39747,10000,5,0.2842879295349121,0.2847983241081238,0.24607674777507782,0.32099634408950806,0.00011999999696854502,0.0005800000100862235,0.001020000025164336,0.00013999999646330252,0.0005200000188779086,0.0008800000185146927,mc2bloom_e16
mc2bloom_e16,cgoe,ms,161397,10000,5,0.28233158588409424,0.28335869312286377,0.25075286626815796,0.3128751218318939,9.999999747378752e-05,0.0005600000033155084,0.0010600000037811696,9.999999747378752e-05,0.0005800000159069896,0.001060000015422702,mc2bloom_e16
mc2bloom_e16,cgoe,su,21238,10000,5,0.27586308121681213,0.2782457768917084,0.2371843308210373,0.3106785714626312,9.999999747378752e-05,0.00036000001418869945,0.0007799999904818833,9.999999747378752e-05,0.0005000000179279596,0.0008399999816901982,mc2bloom_e16
mc2bloom_e16,cgoe,th,58433,10000,5,0.2991738021373749,0.3034452497959137,0.23673151433467865,0.3519020080566406,0.00011999999696854502,0.0004400000150781125,0.0011000000173225998,5.999999848427251e-05,0.0005000000121071935,0.0010400000028312206,mc2bloom_e16
mc2bloom_e16,cgoe,vi,199562,10000,5,0.31977880001068115,0.31565994024276733,0.2674877345561981,0.37816765904426575,0.00011999999696854502,0.0006400000012945384,0.0011799999978393317,0.00012000000133411959,0.0005399999907240271,0.0010400000028312206,mc2bloom_e16
mc2bloom_e16,wit,id,146744,10000,5,0.2744908928871155,0.27450233697891235,0.24148675799369812,0.3080805838108063,5.999999848427251e-05,0.0005400000023655594,0.001140000019222498,0.00017999999545281753,0.0005999999993946403,0.0010200000135228038,mc2bloom_e16
mc2bloom_e16,wit,jv,11926,10000,5,0.27470725774765015,0.2750019431114197,0.24188947677612305,0.3070032000541687,7.999999797903001e-05,0.0005000000237487257,0.001020000036805868,7.999999797903001e-05,0.0002800000103889033,0.001060000027064234,mc2bloom_e16
mc2bloom_e16,wit,ms,59504,10000,5,0.2770889103412628,0.27735841274261475,0.2438906878232956,0.3102893829345703,0.0001400000008288771,0.0005200000014156103,0.0010400000028312206,0.0001799999998183921,0.0006799999857321382,0.0011600000085309147,mc2bloom_e16
mc2bloom_e16,wit,my,9941,9941,1,0.3010489046573639,0.2983636260032654,0.24859996140003204,0.3551844358444214,0.00010059350461233407,0.0005029675085097551,0.00110652856528759,0.00020118700922466815,0.0005029675085097551,0.0009053415269590914,mc2bloom_e16
mc2bloom_e16,wit,th,55594,10000,5,0.2934216260910034,0.2940741181373596,0.24067528545856476,0.3438618779182434,9.999999747378752e-05,0.00044000000925734637,0.0009400000097230076,0.00011999999696854502,0.0004800000227987766,0.0009800000232644379,mc2bloom_e16
mc2bloom_e16,wit,vi,203979,10000,5,0.286160409450531,0.2846231460571289,0.24654768407344818,0.32488423585891724,0.00011999999696854502,0.00048000001697801054,0.0009200000204145908,0.00011999999696854502,0.00047999999660532924,0.0008800000068731606,mc2bloom_e16
mc2bloom_e24,cgoe,id,223098,10000,5,0.2256355732679367,0.22819235920906067,0.17419171333312988,0.27291014790534973,7.999999797903001e-05,0.0005200000014156103,0.0009600000339560211,7.999999797903001e-05,0.0004600000102072954,0.0009799999999813736,mc2bloom_e24
mc2bloom_e24,cgoe,jv,39747,10000,5,0.2265297770500183,0.22895802557468414,0.17356345057487488,0.27406981587409973,0.00013999999646330252,0.0005600000149570405,0.001160000020172447,1.9999999494757503e-05,0.00047999999951571227,0.0010400000144727528,mc2bloom_e24
mc2bloom_e24,cgoe,ms,161397,10000,5,0.21387749910354614,0.21599061787128448,0.16658179461956024,0.2575615346431732,0.00011999999696854502,0.0005200000188779086,0.001060000027064234,5.999999848427251e-05,0.0005400000256486237,0.0009600000106729567,mc2bloom_e24
mc2bloom_e24,cgoe,su,21238,10000,5,0.2111053764820099,0.2157331258058548,0.15606465935707092,0.25828734040260315,9.999999747378752e-05,0.00040000000153668226,0.0008599999826401472,9.999999747378752e-05,0.00042000000539701434,0.0007999999797903001,mc2bloom_e24
mc2bloom_e24,cgoe,th,58433,10000,5,0.2720817029476166,0.27214816212654114,0.20969350636005402,0.33420848846435547,9.999999747378752e-05,0.0004600000102072954,0.0010400000144727528,5.999999848427251e-05,0.0004600000102072954,0.0009800000116229057,mc2bloom_e24
mc2bloom_e24,cgoe,vi,199562,10000,5,0.25801411271095276,0.25422248244285583,0.202047660946846,0.3214326500892639,7.999999797903001e-05,0.00038000000640749934,0.0009000000078231096,0.00011999999696854502,0.0005200000043259934,0.0011999999871477485,mc2bloom_e24
mc2bloom_e24,wit,id,146744,10000,5,0.23246414959430695,0.233949214220047,0.1838836818933487,0.27882882952690125,0.00011999999696854502,0.0005800000159069896,0.0010800000396557151,0.00011999999696854502,0.0004600000160280615,0.0009200000204145908,mc2bloom_e24
mc2bloom_e24,wit,jv,11926,10000,5,0.23356519639492035,0.23419201374053955,0.18464453518390656,0.2809865176677704,7.999999797903001e-05,0.00043999999761581423,0.0009200000204145908,1.9999999494757503e-05,0.0003000000142492354,0.0007999999797903001,mc2bloom_e24
mc2bloom_e24,wit,ms,59504,10000,5,0.23394320905208588,0.2353556752204895,0.18351581692695618,0.2812644839286804,7.999999797903001e-05,0.00048000000533647834,0.0010000000125728547,0.00011999999696854502,0.0004599999985657632,0.0012000000104308128,mc2bloom_e24
mc2bloom_e24,wit,my,9941,9941,1,0.27045345306396484,0.2667485773563385,0.21056821942329407,0.3364434540271759,0.0,0.000603560998570174,0.0010059350170195103,0.00010059350461233407,0.0004023740184493363,0.0008047480368986726,mc2bloom_e24
mc2bloom_e24,wit,th,55594,10000,5,0.26806509494781494,0.26666706800460815,0.21199563145637512,0.32636022567749023,9.999999747378752e-05,0.00044000000925734637,0.0008199999807402492,7.999999797903001e-05,0.00042000000248663125,0.0008599999826401472,mc2bloom_e24
mc2bloom_e24,wit,vi,203979,10000,5,0.24005937576293945,0.238807812333107,0.19331078231334686,0.28767129778862,7.999999797903001e-05,0.0004199999966658652,0.0009200000087730587,0.00013999999646330252,0.0005199999926844612,0.0009599999990314245,mc2bloom_e24
mc2bloom_e32,bloom,fil,558,558,1,0.28033921122550964,0.268000990152359,0.23565296828746796,0.34158581495285034,0.005376344081014395,0.0197132620960474,0.025089606642723083,0.008960573934018612,0.04301075264811516,0.10215053707361221,mc2bloom_e32
mc2bloom_e32,bloom,id,2169,2169,1,0.274681955575943,0.2588760256767273,0.23363836109638214,0.3475905954837799,0.0009220839128829539,0.006915629375725985,0.011526049114763737,0.0018441678257659078,0.013370216824114323,0.024435224011540413,mc2bloom_e32
mc2bloom_e32,bloom,km,308,308,1,0.31109583377838135,0.3080512583255768,0.2514205873012543,0.3613487780094147,0.006493506487458944,0.022727273404598236,0.06818182021379471,0.006493506487458944,0.04545454680919647,0.08116883039474487,mc2bloom_e32
mc2bloom_e32,bloom,ms,102,102,1,0.3173360228538513,0.30615290999412537,0.2625846862792969,0.3761729300022125,0.009803921915590763,0.1666666716337204,0.343137264251709,0.03921568766236305,0.1568627506494522,0.29411765933036804,mc2bloom_e32
mc2bloom_e32,bloom,my,419,419,1,0.33091577887535095,0.3192422091960907,0.25464457273483276,0.4268735349178314,0.00238663493655622,0.01193317398428917,0.026252983137965202,0.0071599045768380165,0.016706444323062897,0.03102625347673893,mc2bloom_e32
mc2bloom_e32,bloom,th,3009,3009,1,0.34950169920921326,0.3520389199256897,0.27059996128082275,0.41876962780952454,0.00033233631984330714,0.0016616815701127052,0.003655699547380209,0.00033233631984330714,0.0016616815701127052,0.0033233631402254105,mc2bloom_e32
mc2bloom_e32,bloom,vi,22,22,1,0.34100693464279175,0.32489192485809326,0.29017025232315063,0.40475237369537354,0.04545454680919647,0.22727273404598236,0.4545454680919647,0.09090909361839294,0.22727273404598236,0.4545454680919647,mc2bloom_e32
mc2bloom_e32,cgoe,id,223098,10000,5,0.2280476689338684,0.22860980033874512,0.16349105536937714,0.29115840792655945,3.9999998989515007e-05,0.0005399999907240271,0.0011000000056810677,7.999999797903001e-05,0.0005000000121071935,0.0011399999959394336,mc2bloom_e32
mc2bloom_e32,cgoe,jv,39747,10000,5,0.2195757031440735,0.22079597413539886,0.1541484147310257,0.2829855680465698,7.999999797903001e-05,0.00042000001994892957,0.0010400000144727528,0.00012000000133411959,0.0005200000072363764,0.0009800000116229057,mc2bloom_e32
mc2bloom_e32,cgoe,ms,161397,10000,5,0.20413918793201447,0.20385922491550446,0.14611443877220154,0.2622787356376648,5.999999848427251e-05,0.0004200000112177804,0.0010199999902397393,0.00019999999494757503,0.0005200000014156103,0.0010800000047311187,mc2bloom_e32
mc2bloom_e32,cgoe,su,21238,10000,5,0.2126465141773224,0.21498721837997437,0.14567510783672333,0.2760375142097473,7.999999797903001e-05,0.0004400000034365803,0.0009200000087730587,5.999999848427251e-05,0.0003599999996367842,0.0007400000002235174,mc2bloom_e32
mc2bloom_e32,cgoe,th,58433,10000,5,0.26594555377960205,0.26477938890457153,0.19693610072135925,0.336881548166275,7.999999797903001e-05,0.0005200000014156103,0.0010400000144727528,0.00013999999646330252,0.0005000000179279596,0.0009199999971315264,mc2bloom_e32
mc2bloom_e32,cgoe,vi,199562,10000,5,0.2730850875377655,0.27386581897735596,0.19863657653331757,0.346498042345047,9.999999747378752e-05,0.00040000001317821445,0.0008600000001024455,3.9999998989515007e-05,0.0005200000188779086,0.001060000027064234,mc2bloom_e32
mc2bloom_e32,mammoth,all,398170,10000,5,0.27041319012641907,0.26673826575279236,0.19815358519554138,0.3486987352371216,3.9999998989515007e-05,0.00042000000539701434,0.0007400000002235174,7.999999797903001e-05,0.0006000000168569386,0.0011200000066310168,mc2bloom_e32
mc2bloom_e32,wit,id,146744,10000,5,0.23705071210861206,0.23787589371204376,0.1736532747745514,0.2990354895591736,9.999999747378752e-05,0.0005000000091968104,0.0009199999971315264,0.00011999999696854502,0.0006600000022444874,0.0011000000406056643,mc2bloom_e32
mc2bloom_e32,wit,jv,11926,10000,5,0.2377406805753708,0.23813073337078094,0.17327570915222168,0.3013039827346802,7.999999797903001e-05,0.0003000000142492354,0.001220000023022294,7.999999797903001e-05,0.0006199999916134402,0.0012199999997392296,mc2bloom_e32
mc2bloom_e32,wit,ms,59504,10000,5,0.23741471767425537,0.23848572373390198,0.1721036285161972,0.30053627490997314,5.999999848427251e-05,0.0004200000112177804,0.0009199999971315264,9.999999747378752e-05,0.00040000000153668226,0.0010599999921396374,mc2bloom_e32
mc2bloom_e32,wit,my,9941,9941,1,0.26813244819641113,0.26975923776626587,0.2021043300628662,0.33098065853118896,0.0,0.0005029675085097551,0.0009053415269590914,0.00010059350461233407,0.000301780499285087,0.0010059350170195103,mc2bloom_e32
mc2bloom_e32,wit,th,55594,10000,5,0.26304808259010315,0.2624574899673462,0.19885016977787018,0.3278355598449707,7.999999797903001e-05,0.00031999999191612005,0.0007600000128149987,0.00011999999696854502,0.0005000000004656613,0.001080000028014183,mc2bloom_e32
mc2bloom_e32,wit,vi,203979,10000,5,0.24458466470241547,0.24419410526752472,0.17854304611682892,0.30987828969955444,3.9999998989515007e-05,0.00038000000349711625,0.0008599999942816794,0.0001400000008288771,0.00036000001127831636,0.0008599999942816794,mc2bloom_e32
mc2bloom_e8,cgoe,id,223098,10000,5,0.25994056463241577,0.2616691589355469,0.2297021448612213,0.28695839643478394,0.00011999999696854502,0.0005400000081863254,0.001120000029914081,5.999999848427251e-05,0.0003200000079232268,0.0008399999933317304,mc2bloom_e8
mc2bloom_e8,cgoe,jv,39747,10000,5,0.2579895853996277,0.2604379951953888,0.2256707102060318,0.2856498062610626,5.999999848427251e-05,0.0004400000034365803,0.001060000027064234,0.00013999999646330252,0.00048000001115724447,0.0008800000068731606,mc2bloom_e8
mc2bloom_e8,cgoe,ms,161397,10000,5,0.2620348632335663,0.26274731755256653,0.23268279433250427,0.2894296646118164,0.00011999999696854502,0.00044000000925734637,0.0010599999921396374,7.999999797903001e-05,0.0005000000062864273,0.001040000026114285,mc2bloom_e8
mc2bloom_e8,cgoe,su,21238,10000,5,0.2544931471347809,0.25715023279190063,0.22314438223838806,0.2823602259159088,7.999999797903001e-05,0.0004600000160280615,0.0010200000135228038,7.999999797903001e-05,0.0004600000102072954,0.0008999999961815774,mc2bloom_e8
mc2bloom_e8,cgoe,th,58433,10000,5,0.2741420269012451,0.2718493938446045,0.23802927136421204,0.3138735890388489,5.999999848427251e-05,0.0005000000179279596,0.001020000025164336,5.999999848427251e-05,0.0004600000160280615,0.0010600000387057662,mc2bloom_e8
mc2bloom_e8,cgoe,vi,199562,10000,5,0.304548442363739,0.3029710054397583,0.2574924826622009,0.35361430048942566,9.999999747378752e-05,0.00044000000925734637,0.0009800000116229057,3.9999998989515007e-05,0.00037999999040039256,0.0009999999776482583,mc2bloom_e8
mc2bloom_e8,wit,id,146744,10000,5,0.2474512904882431,0.2519177198410034,0.21123646199703217,0.27523407340049744,9.999999747378752e-05,0.0005000000179279596,0.0009600000223144889,0.00011999999696854502,0.0005800000159069896,0.0010600000037811696,mc2bloom_e8
mc2bloom_e8,wit,jv,11926,10000,5,0.24471783638000488,0.24924038350582123,0.2085995376110077,0.27265357971191406,1.9999999494757503e-05,0.0005000000237487257,0.0009199999971315264,0.0,0.00024000000266823917,0.0007399999769404531,mc2bloom_e8
mc2bloom_e8,wit,ms,59504,10000,5,0.2490675300359726,0.25300848484039307,0.21448181569576263,0.27601367235183716,9.999999747378752e-05,0.0005000000237487257,0.0009199999854899943,9.999999747378752e-05,0.00048000001115724447,0.0010200000135228038,mc2bloom_e8
mc2bloom_e8,wit,my,9941,9941,1,0.266746461391449,0.27023714780807495,0.22271379828453064,0.30629295110702515,0.0,0.000603560998570174,0.00110652856528759,0.00010059350461233407,0.0004023740184493363,0.0014083089772611856,mc2bloom_e8
mc2bloom_e8,wit,th,55594,10000,5,0.2647676467895508,0.26456111669540405,0.22873909771442413,0.30067065358161926,9.999999747378752e-05,0.0005200000188779086,0.001060000015422702,7.999999797903001e-05,0.0004600000218488276,0.0009000000078231096,mc2bloom_e8
mc2bloom_e8,wit,vi,203979,10000,5,0.2622101604938507,0.26105111837387085,0.2233932465314865,0.2971619963645935,0.00013999999646330252,0.0005599999974947422,0.001020000025164336,7.999999797903001e-05,0.0004600000102072954,0.0010400000028312206,mc2bloom_e8
mc2cc_e0,bloom,ceb,2951,2951,1,0.11954464763402939,0.12006755918264389,0.055953312665224075,0.18124663829803467,0.00304981367662549,0.008810572326183319,0.01219925470650196,0.005083022639155388,0.01050491351634264,0.015926804393529892,mc2cc_e0
mc2cc_e0,bloom,fil,558,558,1,0.10423488914966583,0.1022007018327713,0.03451574221253395,0.1796877384185791,0.0197132620960474,0.044802866876125336,0.05734767019748688,0.017921147868037224,0.032258063554763794,0.04301075264811516,mc2cc_e0
mc2cc_e0,bloom,id,2169,2169,1,0.10320297628641129,0.10326295346021652,0.04045366123318672,0.1647014617919922,0.0009220839128829539,0.006454587448388338,0.007837713696062565,0.0009220839128829539,0.003227293724194169,0.00968188140541315,mc2cc_e0
mc2cc_e0,bloom,km,308,308,1,0.03693766891956329,0.03793959692120552,-0.00936009269207716,0.08278389275074005,0.003246753243729472,0.022727273404598236,0.0357142873108387,0.003246753243729472,0.012987012974917889,0.012987012974917889,mc2cc_e0
mc2cc_e0,bloom,ms,102,102,1,0.11639438569545746,0.10866108536720276,0.04735180735588074,0.2010166049003601,0.009803921915590763,0.009803921915590763,0.05882352963089943,0.019607843831181526,0.03921568766236305,0.0784313753247261,mc2cc_e0
mc2cc_e0,bloom,my,419,419,1,0.04734071344137192,0.050687674432992935,-0.004329988267272711,0.09504927694797516,0.00238663493655622,0.016706444323062897,0.021479712799191475,0.00238663493655622,0.00954653974622488,0.016706444323062897,mc2cc_e0
mc2cc_e0,bloom,th,3009,3009,1,0.026255734264850616,0.024820297956466675,-0.010401010513305664,0.06491480767726898,0.00033233631984330714,0.0023263543844223022,0.004320372361689806,0.00033233631984330714,0.0019940179772675037,0.003655699547380209,mc2cc_e0
mc2cc_e0,bloom,vi,22,22,1,0.05038687214255333,0.043656088411808014,0.011792543344199657,0.10994970053434372,0.09090909361839294,0.1818181872367859,0.3181818127632141,0.09090909361839294,0.27272728085517883,0.4545454680919647,mc2cc_e0
mc2cc_e0,cgoe,id,223098,10000,5,0.09952398389577866,0.09855253994464874,0.010556134395301342,0.1890822798013687,0.003560000052675605,0.011480000056326389,0.016839999705553055,0.0016999999526888133,0.005719999969005585,0.009520000033080577,mc2cc_e0
mc2cc_e0,cgoe,jv,39747,10000,5,0.12433171272277832,0.12207766622304916,0.04197249934077263,0.2116278111934662,0.004440000001341105,0.013499999977648258,0.021579999849200247,0.0019800000358372928,0.006039999984204769,0.009500000067055226,mc2cc_e0
mc2cc_e0,cgoe,ms,161397,10000,5,0.10723476111888885,0.10701513290405273,0.02619136869907379,0.1880851835012436,0.0029199999757111073,0.00876000002026558,0.014199999906122685,0.0012999999802559615,0.004379999963566661,0.0067599998787045475,mc2cc_e0
mc2cc_e0,cgoe,su,21238,10000,5,0.11229047924280167,0.11082631349563599,0.02881823666393757,0.19786962866783142,0.0029000000096857546,0.009320000186562538,0.01472000014036894,0.0008000000001629814,0.002760000014677644,0.0053600000217556955,mc2cc_e0
mc2cc_e0,cgoe,th,58433,10000,5,0.007873673923313618,0.0018436592072248459,-0.04525987431406975,0.06951583921909332,0.00024000000703381375,0.0009799999883398415,0.0017199999885633588,7.999999797903001e-05,0.0005400000081863254,0.0009400000097230076,mc2cc_e0
mc2cc_e0,cgoe,vi,199562,10000,5,0.06276249140501022,0.058175742626190186,-0.007061799056828022,0.1392458826303482,0.0018400000175461174,0.0050200000405311584,0.007479999866336584,0.00018000000418396666,0.0006600000080652535,0.0013999999966472388,mc2cc_e0
mc2cc_e0,wit,id,146744,10000,5,0.18260613083839417,0.17839054763317108,0.09354987740516663,0.2814335227012634,0.036419999599456784,0.08199999928474426,0.10754000097513199,0.027140000462532045,0.06738000065088272,0.09217999875545502,mc2cc_e0
mc2cc_e0,wit,jv,11926,10000,5,0.1893342286348343,0.18207839131355286,0.10205318033695221,0.292289674282074,0.04683999940752983,0.09844000041484832,0.1240799993276596,0.033959999680519104,0.08193999826908112,0.10884000062942505,mc2cc_e0
mc2cc_e0,wit,ms,59504,10000,5,0.1815299242734909,0.1767728328704834,0.08826366066932678,0.28610822558403015,0.04013999998569488,0.08651999980211258,0.11346000134944915,0.02857999987900257,0.07180000096559525,0.09896000027656555,mc2cc_e0
mc2cc_e0,wit,my,9941,9941,1,0.09226410835981369,0.05017253756523132,-0.025253642350435257,0.29459983110427856,0.04476410895586014,0.087013378739357,0.10622673481702805,0.026757871732115746,0.0550246462225914,0.07514334470033646,mc2cc_e0
mc2cc_e0,wit,th,55594,10000,5,0.05738981440663338,0.04223662614822388,-0.020860977470874786,0.14799852669239044,0.020660000294446944,0.03789999932050705,0.04472000077366829,0.008679999969899654,0.01954000033438206,0.025520000234246255,mc2cc_e0
mc2cc_e0,wit,vi,203979,10000,5,0.1149936094880104,0.10000725090503693,0.01981262117624283,0.2368534654378891,0.022639999538660048,0.04560000076889992,0.058500000089406964,0.011720000021159648,0.027779999747872354,0.0379600003361702,mc2cc_e0
mc2cc_e16,bloom,ceb,2951,2951,1,0.1855699121952057,0.18375730514526367,0.14318862557411194,0.23058252036571503,0.003727549919858575,0.009827177040278912,0.012876991182565689,0.0033886819146573544,0.006777363829314709,0.009488308802247047,mc2cc_e16
mc2cc_e16,bloom,fil,558,558,1,0.19066496193408966,0.1852148473262787,0.14575901627540588,0.24124635756015778,0.01433691754937172,0.037634409964084625,0.05734767019748688,0.01075268816202879,0.032258063554763794,0.04659498110413551,mc2cc_e16
mc2cc_e16,bloom,id,2169,2169,1,0.18441784381866455,0.18154308199882507,0.14172227680683136,0.23152926564216614,0.00046104195644147694,0.004610419739037752,0.006915629375725985,0.0013831258984282613,0.003227293724194169,0.004610419739037752,mc2cc_e16
mc2cc_e16,bloom,km,308,308,1,0.1909371018409729,0.18808481097221375,0.14883551001548767,0.2375497817993164,0.003246753243729472,0.019480518996715546,0.03246753290295601,0.003246753243729472,0.009740259498357773,0.025974025949835777,mc2cc_e16
mc2cc_e16,bloom,ms,102,102,1,0.2085815817117691,0.20067912340164185,0.15383337438106537,0.2556350529193878,0.009803921915590763,0.04901960864663124,0.09803921729326248,0.009803921915590763,0.03921568766236305,0.10784313827753067,mc2cc_e16
mc2cc_e16,bloom,my,419,419,1,0.18750183284282684,0.18643276393413544,0.14697669446468353,0.23107033967971802,0.00238663493655622,0.00954653974622488,0.028639618307352066,0.00238663493655622,0.00954653974622488,0.021479712799191475,mc2cc_e16
mc2cc_e16,bloom,th,3009,3009,1,0.2219986766576767,0.224294051527977,0.17548400163650513,0.265397310256958,0.0013293452793732285,0.002658690558746457,0.0039880359545350075,0.00033233631984330714,0.0006646726396866143,0.0029910269659012556,mc2cc_e16
mc2cc_e16,bloom,vi,22,22,1,0.18524794280529022,0.17608341574668884,0.1564040333032608,0.2274426817893982,0.09090909361839294,0.22727273404598236,0.4545454680919647,0.04545454680919647,0.27272728085517883,0.40909090638160706,mc2cc_e16
mc2cc_e16,cgoe,id,223098,10000,5,0.19126440584659576,0.18692472577095032,0.1330987513065338,0.2556099593639374,0.002300000051036477,0.007739999983459711,0.012280000187456609,0.0009600000106729567,0.0036399999633431436,0.006499999947845936,mc2cc_e16
mc2cc_e16,cgoe,jv,39747,10000,5,0.20861031115055084,0.20453718304634094,0.14539293944835663,0.2781963646411896,0.0031400000676512717,0.01064000017940998,0.01647999994456768,0.0014799999771639705,0.004719999991357327,0.008100000023841859,mc2cc_e16
mc2cc_e16,cgoe,ms,161397,10000,5,0.20238977670669556,0.19805270433425903,0.1484764814376831,0.26223647594451904,0.0023200000170618294,0.007019999902695417,0.011299999989569187,0.0013199999928474426,0.0036000000312924386,0.006039999984204769,mc2cc_e16
mc2cc_e16,cgoe,su,21238,10000,5,0.19698688387870789,0.19403734803199768,0.1472349464893341,0.25033989548683167,0.0016600000206381082,0.0055599999614059925,0.00950000025331974,0.0007799999963026494,0.0024800000013783575,0.0043600000441074375,mc2cc_e16
mc2cc_e16,cgoe,th,58433,10000,5,0.2069161981344223,0.20597198605537415,0.15396998822689056,0.26076778769493103,0.0002800000089337118,0.0010799999930895866,0.0017600000137463212,5.999999848427251e-05,0.0005799999984446913,0.0011599999852478504,mc2cc_e16
mc2cc_e16,cgoe,vi,199562,10000,5,0.15921172499656677,0.15610995888710022,0.10891100019216537,0.21296074986457825,0.0015400000149384141,0.003680000035092235,0.005499999970197678,0.0002800000089337118,0.0010200000135228038,0.002000000048428774,mc2cc_e16
mc2cc_e16,wit,id,146744,10000,5,0.22944022715091705,0.22121569514274597,0.16311131417751312,0.3122972249984741,0.02085999995470047,0.052099999785423276,0.07422000020742417,0.017659999802708624,0.043880000710487366,0.0626800000667572,mc2cc_e16
mc2cc_e16,wit,jv,11926,10000,5,0.23417571187019348,0.2250637412071228,0.16742999851703644,0.3205191493034363,0.025519999861717223,0.06525999903678895,0.08766000121831893,0.02127999998629093,0.05475999936461449,0.07410000115633011,mc2cc_e16
mc2cc_e16,wit,ms,59504,10000,5,0.2309100329875946,0.2225084900856018,0.16309085488319397,0.31536930799484253,0.02359999977052212,0.05650000050663948,0.07870000004768371,0.0177800003439188,0.046700000017881396,0.06710000038146972,mc2cc_e16
mc2cc_e16,wit,my,9941,9941,1,0.21782027184963226,0.20714712142944336,0.14484335482120514,0.31660470366477966,0.02987626940011978,0.06538577377796173,0.08067598938941956,0.015591992996633053,0.039332058280706406,0.05351574346423149,mc2cc_e16
mc2cc_e16,wit,th,55594,10000,5,0.2064848393201828,0.20210592448711395,0.15040285885334015,0.2662467658519745,0.01383999977260828,0.028340000286698343,0.035020000487566,0.005480000097304582,0.013819999992847443,0.018380000069737435,mc2cc_e16
mc2cc_e16,wit,vi,203979,10000,5,0.19478139281272888,0.18721982836723328,0.12386996299028397,0.2769061326980591,0.015919999964535237,0.03572000041604042,0.04875999987125397,0.008419999945908785,0.022439999878406523,0.030860000103712083,mc2cc_e16
mc2cc_e24,bloom,ceb,2951,2951,1,0.18320582807064056,0.18035759031772614,0.1423986703157425,0.2261323630809784,0.0016943409573286772,0.007793968077749014,0.011182649992406368,0.0033886819146573544,0.005421890877187252,0.011182649992406368,mc2cc_e24
mc2cc_e24,bloom,fil,558,558,1,0.18703585863113403,0.18436530232429504,0.13908757269382477,0.23946793377399445,0.012544803321361542,0.02867383509874344,0.037634409964084625,0.012544803321361542,0.030465949326753616,0.044802866876125336,mc2cc_e24
mc2cc_e24,bloom,id,2169,2169,1,0.17774838209152222,0.17538724839687347,0.1327241212129593,0.228618785738945,0.00046104195644147694,0.0036883356515318155,0.005532503593713045,0.0,0.003227293724194169,0.004149377811700106,mc2cc_e24
mc2cc_e24,bloom,km,308,308,1,0.1856364905834198,0.1854419708251953,0.14795830845832825,0.22151684761047363,0.0,0.022727273404598236,0.03246753290295601,0.006493506487458944,0.012987012974917889,0.04220779240131378,mc2cc_e24
mc2cc_e24,bloom,ms,102,102,1,0.2039221227169037,0.1976313441991806,0.15732425451278687,0.2566261291503906,0.029411764815449715,0.06862745434045792,0.14705882966518402,0.019607843831181526,0.05882352963089943,0.10784313827753067,mc2cc_e24
mc2cc_e24,bloom,my,419,419,1,0.1652282178401947,0.16161590814590454,0.11984413862228394,0.21366819739341736,0.00238663493655622,0.00954653974622488,0.03102625347673893,0.00238663493655622,0.00954653974622488,0.016706444323062897,mc2cc_e24
mc2cc_e24,bloom,th,3009,3009,1,0.21234838664531708,0.21347573399543762,0.17047181725502014,0.2522214651107788,0.00033233631984330714,0.00033233631984330714,0.003655699547380209,0.00033233631984330714,0.0019940179772675037,0.0029910269659012556,mc2cc_e24
mc2cc_e24,bloom,vi,22,22,1,0.15865705907344818,0.15597346425056458,0.13025833666324615,0.1826409101486206,0.0,0.27272728085517883,0.3636363744735718,0.04545454680919647,0.09090909361839294,0.27272728085517883,mc2cc_e24
mc2cc_e24,cgoe,id,223098,10000,5,0.20415623486042023,0.20224909484386444,0.15036550164222717,0.26031315326690674,0.0019800000358372928,0.006240000110119581,0.010040000081062317,0.0010600000037811696,0.0035999999847263096,0.006080000102519989,mc2cc_e24
mc2cc_e24,cgoe,jv,39747,10000,5,0.20904310047626495,0.2071181684732437,0.1537986695766449,0.2662206292152405,0.002559999981895089,0.008660000003874301,0.01392000000923872,0.0011600000085309147,0.0045599999837577345,0.007539999857544899,mc2cc_e24
mc2cc_e24,cgoe,ms,161397,10000,5,0.21285079419612885,0.21025246381759644,0.16107669472694397,0.2676386833190918,0.002179999998770654,0.006320000067353249,0.009879999980330467,0.0009800000116229057,0.0034999999683350325,0.005999999959021807,mc2cc_e24
mc2cc_e24,cgoe,su,21238,10000,5,0.20078225433826447,0.1987762153148651,0.1519160270690918,0.25131216645240784,0.0013199999928474426,0.0048200000077486035,0.00823999997228384,0.0007599999953527004,0.0032200000248849394,0.004980000015348196,mc2cc_e24
mc2cc_e24,cgoe,th,58433,10000,5,0.21245095133781433,0.21325315535068512,0.16783715784549713,0.25627508759498596,0.0001600000003236346,0.0006600000080652535,0.0012199999997392296,7.999999797903001e-05,0.0007399999885819852,0.001320000016130507,mc2cc_e24
mc2cc_e24,cgoe,vi,199562,10000,5,0.17487145960330963,0.1730065643787384,0.128706157207489,0.22369395196437836,0.0010599999921396374,0.003399999998509884,0.005200000014156103,0.00020000000367872416,0.0008199999923817813,0.0016600000206381082,mc2cc_e24
mc2cc_e24,wit,id,146744,10000,5,0.22587013244628906,0.21852217614650726,0.16371792554855347,0.30284935235977173,0.019899999722838402,0.04763999953866005,0.06623999923467636,0.01785999983549118,0.04405999928712845,0.06286000013351441,mc2cc_e24
mc2cc_e24,wit,jv,11926,10000,5,0.2304222732782364,0.22313877940177917,0.16669240593910217,0.311292439699173,0.025500000268220902,0.06134000048041344,0.07958000004291535,0.02306000031530857,0.05606000050902367,0.07721999883651734,mc2cc_e24
mc2cc_e24,wit,ms,59504,10000,5,0.22816336154937744,0.22036632895469666,0.16579195857048035,0.30599892139434814,0.019920000061392783,0.050439999997615816,0.0712799996137619,0.01860000044107437,0.04699999988079071,0.06671999990940095,mc2cc_e24
mc2cc_e24,wit,my,9941,9941,1,0.2121763825416565,0.20224374532699585,0.14221543073654175,0.308695524930954,0.029675083234906197,0.062267377972602844,0.07936827093362808,0.01850920356810093,0.04063977301120758,0.05794185772538185,mc2cc_e24
mc2cc_e24,wit,th,55594,10000,5,0.20420463383197784,0.20130595564842224,0.14714229106903076,0.26283755898475647,0.01360000018030405,0.02667999975383282,0.0321600005030632,0.0056200000457465645,0.01424000021070242,0.01942000016570091,mc2cc_e24
mc2cc_e24,wit,vi,203979,10000,5,0.1969108134508133,0.1900094598531723,0.13391898572444916,0.2711808979511261,0.014539999887347221,0.03305999934673309,0.04497999921441078,0.00899999998509884,0.021959999948740004,0.03004000000655651,mc2cc_e24
mc2cc_e32,bloom,ceb,2951,2951,1,0.18492832779884338,0.18275600671768188,0.14619025588035583,0.2255644053220749,0.0010166045976802707,0.0064384955912828445,0.010843781754374504,0.002710945438593626,0.00609962735325098,0.010166045278310776,mc2cc_e32
mc2cc_e32,bloom,fil,558,558,1,0.19030307233333588,0.18616369366645813,0.14338544011116028,0.24316689372062683,0.012544803321361542,0.02688172087073326,0.04659498110413551,0.01075268816202879,0.017921147868037224,0.030465949326753616,mc2cc_e32
mc2cc_e32,bloom,id,2169,2169,1,0.18324746191501617,0.18063628673553467,0.13809874653816223,0.2338733673095703,0.00046104195644147694,0.0027662517968565226,0.007376671303063631,0.0,0.0027662517968565226,0.006454587448388338,mc2cc_e32
mc2cc_e32,bloom,km,308,308,1,0.19202561676502228,0.19098660349845886,0.15688395500183105,0.2283543199300766,0.006493506487458944,0.02922077849507332,0.03896103799343109,0.006493506487458944,0.019480518996715546,0.03896103799343109,mc2cc_e32
mc2cc_e32,bloom,ms,102,102,1,0.20385068655014038,0.19506792724132538,0.15245413780212402,0.2579466998577118,0.029411764815449715,0.05882352963089943,0.1568627506494522,0.019607843831181526,0.0784313753247261,0.13725490868091583,mc2cc_e32
mc2cc_e32,bloom,my,419,419,1,0.17076271772384644,0.17104269564151764,0.12989221513271332,0.21563488245010376,0.0,0.01193317398428917,0.021479712799191475,0.0,0.00238663493655622,0.01193317398428917,mc2cc_e32
mc2cc_e32,bloom,th,3009,3009,1,0.2117619663476944,0.21299400925636292,0.17567427456378937,0.2452710121870041,0.0009970089886337519,0.0019940179772675037,0.0033233631402254105,0.00033233631984330714,0.0013293452793732285,0.0039880359545350075,mc2cc_e32
mc2cc_e32,bloom,vi,22,22,1,0.17768311500549316,0.17129281163215637,0.14748597145080566,0.21722394227981567,0.04545454680919647,0.13636364042758942,0.40909090638160706,0.04545454680919647,0.09090909361839294,0.3636363744735718,mc2cc_e32
mc2cc_e32,cgoe,id,223098,10000,5,0.20183947682380676,0.2005474716424942,0.14650212228298187,0.25901713967323303,0.0013799999840557575,0.004680000059306621,0.0075600000098347666,0.0006800000148359687,0.003159999940544367,0.005340000055730343,mc2cc_e32
mc2cc_e32,cgoe,jv,39747,10000,5,0.20706157386302948,0.2053687572479248,0.15132907032966614,0.264619916677475,0.0018000000156462193,0.006919999979436398,0.011099999956786632,0.0011000000056810677,0.0038400000426918267,0.006319999974220991,mc2cc_e32
mc2cc_e32,cgoe,ms,161397,10000,5,0.21080920100212097,0.20779550075531006,0.15996034443378448,0.2661289870738983,0.001839999994263053,0.005039999913424254,0.008159999921917915,0.0006400000071153045,0.002660000044852495,0.004600000008940697,mc2cc_e32
mc2cc_e32,cgoe,su,21238,10000,5,0.19785021245479584,0.19591033458709717,0.14887236058712006,0.2493259310722351,0.0014599999878555537,0.00411999998614192,0.006319999974220991,0.00044000002089887856,0.0017800000496208668,0.003459999989718199,mc2cc_e32
mc2cc_e32,cgoe,th,58433,10000,5,0.21073508262634277,0.21130864322185516,0.16840264201164246,0.25199994444847107,0.00016000000468920916,0.0005600000120466575,0.0010400000028312206,0.0001799999998183921,0.0007399999885819852,0.0013599999947473407,mc2cc_e32
mc2cc_e32,cgoe,vi,199562,10000,5,0.17899440228939056,0.17713603377342224,0.1284913271665573,0.23179581761360168,0.0009400000097230076,0.002860000031068921,0.004060000041499734,0.00022000000171829015,0.0009799999883398415,0.0019800000125542285,mc2cc_e32
mc2cc_e32,mammoth,all,398170,10000,5,0.20146670937538147,0.20082613825798035,0.13555169105529785,0.26698270440101624,0.0047599999234080315,0.011759999953210355,0.01566000021994114,0.0010999999823980034,0.004540000017732382,0.00698000006377697,mc2cc_e32
mc2cc_e32,wit,id,146744,10000,5,0.2204204499721527,0.21360155940055847,0.16032058000564575,0.2943241000175476,0.01738000027835369,0.042380000650882724,0.05916000008583069,0.015679999999701977,0.04124000072479248,0.0581200011074543,mc2cc_e32
mc2cc_e32,wit,jv,11926,10000,5,0.22411483526229858,0.2161829173564911,0.162521630525589,0.30315303802490234,0.022700000181794168,0.057259999215602875,0.07754000127315522,0.021640000119805335,0.05502000078558922,0.07331999987363816,mc2cc_e32
mc2cc_e32,wit,ms,59504,10000,5,0.22285261750221252,0.2157103717327118,0.16210146248340607,0.2977578938007355,0.018239999935030938,0.046400000154972074,0.06410000175237655,0.01746000051498413,0.04580000042915344,0.06310000047087669,mc2cc_e32
mc2cc_e32,wit,my,9941,9941,1,0.21142297983169556,0.20188657939434052,0.14412885904312134,0.3034193813800812,0.030379237607121468,0.059249572455883026,0.07675284147262573,0.018609797582030296,0.040840961039066315,0.05492405220866203,mc2cc_e32
mc2cc_e32,wit,th,55594,10000,5,0.2028873860836029,0.2003193199634552,0.14850114285945892,0.2580622732639313,0.013419999927282333,0.02501999996602535,0.029079999774694443,0.0058200000785291195,0.013760000094771385,0.01850000023841858,mc2cc_e32
mc2cc_e32,wit,vi,203979,10000,5,0.1958410143852234,0.19062837958335876,0.13520695269107819,0.264127254486084,0.013180000148713589,0.029680000245571138,0.04054000079631805,0.008459999971091748,0.019940000027418137,0.028299999982118608,mc2cc_e32
mc2cc_e8,bloom,ceb,2951,2951,1,0.16337443888187408,0.16040858626365662,0.1201707124710083,0.21002180874347687,0.004066418390721083,0.010166045278310776,0.0149101996794343,0.002372077200561762,0.007116231601685286,0.010843781754374504,mc2cc_e8
mc2cc_e8,bloom,fil,558,558,1,0.16765692830085754,0.1625269502401352,0.11978413164615631,0.21925169229507446,0.008960573934018612,0.02688172087073326,0.0394265241920948,0.005376344081014395,0.02150537632405758,0.04301075264811516,mc2cc_e8
mc2cc_e8,bloom,id,2169,2169,1,0.1598602831363678,0.15726885199546814,0.11225448548793793,0.21158212423324585,0.0,0.002305209869518876,0.004610419739037752,0.0,0.002305209869518876,0.005071461666375399,mc2cc_e8
mc2cc_e8,bloom,km,308,308,1,0.1627962291240692,0.16269618272781372,0.11941884458065033,0.2014015167951584,0.003246753243729472,0.022727273404598236,0.03246753290295601,0.006493506487458944,0.009740259498357773,0.03246753290295601,mc2cc_e8
mc2cc_e8,bloom,ms,102,102,1,0.19275711476802826,0.18386855721473694,0.12968401610851288,0.2655850052833557,0.019607843831181526,0.03921568766236305,0.0784313753247261,0.0,0.03921568766236305,0.09803921729326248,mc2cc_e8
mc2cc_e8,bloom,my,419,419,1,0.20182637870311737,0.20139232277870178,0.16050493717193604,0.24143823981285095,0.0,0.00954653974622488,0.028639618307352066,0.00238663493655622,0.01193317398428917,0.02386634796857834,mc2cc_e8
mc2cc_e8,bloom,th,3009,3009,1,0.22460640966892242,0.22573710978031158,0.18008092045783997,0.26768237352371216,0.00033233631984330714,0.0019940179772675037,0.004320372361689806,0.00033233631984330714,0.0006646726396866143,0.0019940179772675037,mc2cc_e8
mc2cc_e8,bloom,vi,22,22,1,0.1309998631477356,0.1319298893213272,0.08242730796337128,0.1613987386226654,0.09090909361839294,0.3181818127632141,0.5,0.13636364042758942,0.40909090638160706,0.5,mc2cc_e8
mc2cc_e8,cgoe,id,223098,10000,5,0.19964128732681274,0.19517314434051514,0.13142557442188263,0.2737835645675659,0.002560000028461218,0.008359999861568213,0.012640000134706498,0.0007000000099651515,0.0042200000956654545,0.0074199999682605265,mc2cc_e8
mc2cc_e8,cgoe,jv,39747,10000,5,0.2151162326335907,0.20860417187213898,0.14347395300865173,0.29697656631469727,0.0030799999833106993,0.009940000250935555,0.015359999798238277,0.0014800000004470347,0.0048200000077486035,0.007779999915510416,mc2cc_e8
mc2cc_e8,cgoe,ms,161397,10000,5,0.20890727639198303,0.2045689970254898,0.14761923253536224,0.27571114897727966,0.002000000001862645,0.006800000090152025,0.01067999992519617,0.0009199999971315264,0.0033200000412762164,0.005459999851882458,mc2cc_e8
mc2cc_e8,cgoe,su,21238,10000,5,0.20182251930236816,0.19790682196617126,0.14196334779262543,0.26558899879455566,0.0017600000137463212,0.005939999967813492,0.0094200000166893,0.0009600000223144889,0.003720000106841326,0.005599999986588955,mc2cc_e8
mc2cc_e8,cgoe,th,58433,10000,5,0.24495041370391846,0.2431780993938446,0.184365913271904,0.30755600333213806,0.0005200000101467595,0.0018600000301375985,0.0028599999845027924,9.999999747378752e-05,0.00034000001032836736,0.0009600000106729567,mc2cc_e8
mc2cc_e8,cgoe,vi,199562,10000,5,0.17195360362529755,0.16954383254051208,0.10861484706401825,0.2382296621799469,0.0011399999842979015,0.0032200000248849394,0.0050200000405311584,0.00011999999696854502,0.0005999999993946403,0.0014200000092387199,mc2cc_e8
mc2cc_e8,wit,id,146744,10000,5,0.24163049459457397,0.23107582330703735,0.16205476224422455,0.3417932689189911,0.020260000228881837,0.04993999972939491,0.07036000043153763,0.014460000209510326,0.04054000079631805,0.05833999961614609,mc2cc_e8
mc2cc_e8,wit,jv,11926,10000,5,0.2476499229669571,0.23716938495635986,0.1654004156589508,0.35139593482017517,0.025179999694228173,0.06188000068068504,0.0849399983882904,0.01907999999821186,0.04974000006914139,0.06904000043869019,mc2cc_e8
mc2cc_e8,wit,ms,59504,10000,5,0.2436828911304474,0.23240496218204498,0.16329222917556763,0.34638696908950806,0.020740000158548356,0.05412000045180321,0.07623999863862992,0.015420000255107879,0.042679999768733975,0.0613599993288517,mc2cc_e8
mc2cc_e8,wit,my,9941,9941,1,0.25170350074768066,0.24108703434467316,0.17931701242923737,0.34935563802719116,0.027864400297403336,0.05774066969752312,0.075646311044693,0.015994366258382797,0.037923749536275864,0.04959259554743767,mc2cc_e8
mc2cc_e8,wit,th,55594,10000,5,0.2285202592611313,0.2248903214931488,0.16788552701473236,0.2902538478374481,0.013000000081956387,0.02792000025510788,0.03465999960899353,0.0049599999561905864,0.012759999930858612,0.018140000104904175,mc2cc_e8
mc2cc_e8,wit,vi,203979,10000,5,0.19483615458011627,0.18565472960472107,0.10814094543457031,0.2947894036769867,0.014680000022053719,0.03434000015258789,0.046460000425577165,0.00698000006377697,0.017899999767541884,0.025679999962449074,mc2cc_e8
mc2cg_e16,cgoe,id,223098,10000,5,0.27181172370910645,0.2717592120170593,0.23145407438278198,0.31176984310150146,0.04306000024080277,0.11343999952077866,0.16343999803066253,0.02956000007688999,0.08555999994277955,0.12631999999284743,mc2cg_e16
mc2cg_e16,cgoe,jv,39747,10000,5,0.27754276990890503,0.27895617485046387,0.2346561998128891,0.3182402551174164,0.029820000380277635,0.08842000067234039,0.13492000102996826,0.03384000062942505,0.08876000046730041,0.12533999979496002,mc2cg_e16
mc2cg_e16,cgoe,ms,161397,10000,5,0.26745840907096863,0.26739436388015747,0.22555476427078247,0.3092155158519745,0.0445200003683567,0.1129600003361702,0.1611600011587143,0.02978000044822693,0.08393999934196472,0.13360000252723694,mc2cg_e16
mc2cg_e16,cgoe,su,21238,10000,5,0.2771521806716919,0.27752673625946045,0.23669813573360443,0.31743353605270386,0.05174000039696693,0.1398999959230423,0.19643999636173248,0.03532000035047531,0.09761999994516372,0.14364000260829926,mc2cg_e16
mc2cg_e16,cgoe,th,58433,10000,5,0.25690096616744995,0.2529433071613312,0.22286443412303925,0.2978454828262329,0.0050200000405311584,0.0151400001719594,0.026820000261068344,0.0048200000077486035,0.016820000112056734,0.02718000002205372,mc2cg_e16
mc2cg_e16,cgoe,vi,199562,10000,5,0.2630907893180847,0.2624942362308502,0.22350625693798065,0.3032841086387634,0.026260000094771384,0.07436000108718872,0.1122400000691414,0.02247999981045723,0.061980000138282774,0.0967399999499321,mc2cg_e16
mc2cg_e16,wit,id,146744,10000,5,0.22731620073318481,0.22635000944137573,0.18568405508995056,0.27057012915611267,0.0020200000144541264,0.007539999950677156,0.013520000129938125,0.0016999999876134097,0.006620000023394823,0.011400000005960465,mc2cg_e16
mc2cg_e16,wit,jv,11926,10000,5,0.22392407059669495,0.2230631411075592,0.18361154198646545,0.26671725511550903,0.0008799999952316285,0.005299999937415123,0.01030000001192093,0.0004600000102072954,0.0037400000263005497,0.007440000027418137,mc2cg_e16
mc2cg_e16,wit,ms,59504,10000,5,0.2259606570005417,0.22474469244480133,0.18436214327812195,0.2692760229110718,0.001460000011138618,0.007219999935477972,0.012900000251829625,0.0015999999828636645,0.005739999935030937,0.010740000009536742,mc2cg_e16
mc2cg_e16,wit,my,9941,9941,1,0.22863149642944336,0.23009178042411804,0.18291866779327393,0.2708112299442291,0.0010059350170195103,0.002917211502790451,0.00442611426115036,0.000301780499285087,0.0009053415269590914,0.0021124635823071003,mc2cg_e16
mc2cg_e16,wit,th,55594,10000,5,0.23714621365070343,0.23686765134334564,0.20542967319488525,0.2689276337623596,0.0006999999866820871,0.00362000004388392,0.007359999977052212,0.0006199999945238233,0.0028400000184774397,0.006259999983012676,mc2cg_e16
mc2cg_e16,wit,vi,203979,10000,5,0.225885272026062,0.22537653148174286,0.1872340589761734,0.26461049914360046,0.001220000023022294,0.0048200000077486035,0.00902000004425645,0.0008400000107940287,0.0037399999797344207,0.006620000023394823,mc2cg_e16
mc2cg_e24,cgoe,id,223098,10000,5,0.2617007791996002,0.2636651396751404,0.23590563237667084,0.2845548689365387,0.3317600071430206,0.5572400093078613,0.6456799983978272,0.313319993019104,0.5223600149154664,0.6039199948310852,mc2cg_e24
mc2cg_e24,cgoe,jv,39747,10000,5,0.26409974694252014,0.2661466598510742,0.23990409076213837,0.28539684414863586,0.27477999925613406,0.5209999918937683,0.6175599932670593,0.3101199984550476,0.5206800103187561,0.5902799844741822,mc2cg_e24
mc2cg_e24,cgoe,ms,161397,10000,5,0.258756548166275,0.26112714409828186,0.23056721687316895,0.2835317552089691,0.3231599986553192,0.5338799953460693,0.6174800038337708,0.2848599970340729,0.4963599979877472,0.5888599991798401,mc2cg_e24
mc2cg_e24,cgoe,su,21238,10000,5,0.26552242040634155,0.26785069704055786,0.2425002008676529,0.28538063168525696,0.317739999294281,0.6085399866104126,0.7021999955177307,0.3074000060558319,0.5637599945068359,0.6499000072479248,mc2cg_e24
mc2cg_e24,cgoe,th,58433,10000,5,0.25390323996543884,0.2548479437828064,0.2278793305158615,0.2786653935909271,0.10781999975442887,0.24758000075817108,0.32922000288963316,0.12128000110387802,0.26862000226974486,0.3374800026416779,mc2cg_e24
mc2cg_e24,cgoe,vi,199562,10000,5,0.25561580061912537,0.25720077753067017,0.2279820293188095,0.28095054626464844,0.26105999648571016,0.45898000001907346,0.5442200064659118,0.2613799929618835,0.44420000314712527,0.5255800127983093,mc2cg_e24
mc2cg_e24,wit,id,146744,10000,5,0.1991295963525772,0.19863909482955933,0.16587601602077484,0.23344507813453674,0.0029000000096857546,0.010160000063478947,0.016240000352263452,0.0021400000201538204,0.007200000062584877,0.012399999983608722,mc2cg_e24
mc2cg_e24,wit,jv,11926,10000,5,0.1975230872631073,0.19707781076431274,0.1658734679222107,0.23019883036613464,0.0016199999954551458,0.006599999964237213,0.012659999728202819,0.001380000007338822,0.005120000056922436,0.008559999987483025,mc2cg_e24
mc2cg_e24,wit,ms,59504,10000,5,0.19775429368019104,0.1974557340145111,0.16451027989387512,0.23172754049301147,0.002060000039637089,0.00826000003144145,0.01360000018030405,0.001680000009946525,0.006279999949038028,0.011019999906420708,mc2cg_e24
mc2cg_e24,wit,my,9941,9941,1,0.20467069745063782,0.20726759731769562,0.16863295435905457,0.2363494336605072,0.00020118700922466815,0.0020118700340390205,0.0033195854630321264,0.0,0.0008047480368986726,0.0019112764857709408,mc2cg_e24
mc2cg_e24,wit,th,55594,10000,5,0.20479366183280945,0.20498749613761902,0.1747162789106369,0.23480777442455292,0.0012400000123307109,0.00553999999538064,0.0101800000295043,0.0014799999771639705,0.004840000066906214,0.007820000033825636,mc2cg_e24
mc2cg_e24,wit,vi,203979,10000,5,0.19681879878044128,0.19664591550827026,0.16434451937675476,0.22949567437171936,0.001600000006146729,0.005920000001788139,0.010480000078678131,0.0009400000213645399,0.004020000016316772,0.007180000096559525,mc2cg_e24
mc2cg_e32,bloom,fil,558,558,1,0.19639702141284943,0.19673416018486023,0.16889071464538574,0.22407878935337067,0.001792114693671465,0.00358422938734293,0.01075268816202879,0.00358422938734293,0.008960573934018612,0.017921147868037224,mc2cg_e32
mc2cg_e32,bloom,id,2169,2169,1,0.1982119083404541,0.1985383927822113,0.17087610065937042,0.2270658314228058,0.0,0.0009220839128829539,0.0036883356515318155,0.0,0.0036883356515318155,0.005993545521050692,mc2cg_e32
mc2cg_e32,bloom,km,308,308,1,0.19529706239700317,0.19860923290252686,0.15906530618667603,0.22856585681438446,0.012987012974917889,0.02922077849507332,0.055194806307554245,0.003246753243729472,0.019480518996715546,0.04220779240131378,mc2cg_e32
mc2cg_e32,bloom,ms,102,102,1,0.2023717612028122,0.2031422257423401,0.1662929207086563,0.23547962307929993,0.029411764815449715,0.05882352963089943,0.14705882966518402,0.0,0.029411764815449715,0.10784313827753067,mc2cg_e32
mc2cg_e32,bloom,my,419,419,1,0.23379188776016235,0.23638473451137543,0.21723830699920654,0.24981628358364105,0.0,0.014319809153676033,0.026252983137965202,0.00477326987311244,0.014319809153676033,0.028639618307352066,mc2cg_e32
mc2cg_e32,bloom,th,3009,3009,1,0.2007509022951126,0.2021971195936203,0.16946814954280853,0.23050229251384735,0.00033233631984330714,0.0016616815701127052,0.0033233631402254105,0.00033233631984330714,0.0023263543844223022,0.0046527087688446045,mc2cg_e32
mc2cg_e32,bloom,vi,22,22,1,0.20918156206607819,0.20730829238891602,0.19449204206466675,0.23209822177886963,0.0,0.1818181872367859,0.27272728085517883,0.0,0.22727273404598236,0.3181818127632141,mc2cg_e32
mc2cg_e32,cgoe,id,223098,10000,5,0.2759449779987335,0.27832916378974915,0.25566989183425903,0.2929213047027588,0.5555600047111511,0.7889399886131286,0.853279995918274,0.5447999954223632,0.7628600001335144,0.8235999941825867,mc2cg_e32
mc2cg_e32,cgoe,jv,39747,10000,5,0.27644962072372437,0.27893370389938354,0.25647369027137756,0.2933065593242645,0.4067800045013428,0.7099199891090393,0.79721999168396,0.47257999777793885,0.716919994354248,0.7792599916458129,mc2cg_e32
mc2cg_e32,cgoe,ms,161397,10000,5,0.27453333139419556,0.27706044912338257,0.25348159670829773,0.29195934534072876,0.5513399958610534,0.7827199935913086,0.8473600029945374,0.5288600087165832,0.7580200076103211,0.8299999952316284,mc2cg_e32
mc2cg_e32,cgoe,su,21238,10000,5,0.27745676040649414,0.2802758812904358,0.2574625015258789,0.29387640953063965,0.4489399969577789,0.7662799835205079,0.8372400045394898,0.4472399950027466,0.7260400056838989,0.7996399879455567,mc2cg_e32
mc2cg_e32,cgoe,th,58433,10000,5,0.2752852141857147,0.277804970741272,0.2535191476345062,0.29327553510665894,0.3356399953365326,0.5950200080871582,0.6918200016021728,0.386980003118515,0.6242399930953979,0.7000400066375733,mc2cg_e32
mc2cg_e32,cgoe,vi,199562,10000,5,0.2737625241279602,0.2761991024017334,0.25271570682525635,0.2915712296962738,0.49422001242637636,0.7433800101280212,0.8139400005340576,0.5160999894142151,0.7347200036048889,0.807480001449585,mc2cg_e32
mc2cg_e32,mammoth,all,398170,10000,5,0.216517835855484,0.2213200479745865,0.17919324338436127,0.24553878605365753,0.0004200000112177804,0.0010599999804981053,0.001780000003054738,0.00024000000703381375,0.0009400000213645399,0.001680000009946525,mc2cg_e32
mc2cg_e32,wit,id,146744,10000,5,0.1995113492012024,0.19953516125679016,0.1647445410490036,0.2344750314950943,0.002599999960511923,0.008680000156164169,0.015000000037252903,0.001839999994263053,0.006879999861121177,0.011360000073909759,mc2cg_e32
mc2cg_e32,wit,jv,11926,10000,5,0.19807592034339905,0.19769802689552307,0.16497232019901276,0.2319192886352539,0.0019799999659880995,0.005939999874681234,0.011060000024735927,0.001759999990463257,0.0051599999889731405,0.007459999993443489,mc2cg_e32
mc2cg_e32,wit,ms,59504,10000,5,0.19813944399356842,0.19824941456317902,0.1634218394756317,0.23287788033485413,0.002120000007562339,0.007300000078976155,0.012359999865293504,0.0019400000106543302,0.006519999913871288,0.010319999977946281,mc2cg_e32
mc2cg_e32,wit,my,9941,9941,1,0.20806510746479034,0.21057754755020142,0.16893848776817322,0.24267593026161194,0.000603560998570174,0.0019112764857709408,0.003520772559568286,0.00020118700922466815,0.0014083089772611856,0.00221305713057518,mc2cg_e32
mc2cg_e32,wit,th,55594,10000,5,0.20367179811000824,0.2041487991809845,0.17083489894866943,0.2361568808555603,0.0010199999785982072,0.004300000006332993,0.007679999992251396,0.0009400000097230076,0.0036399999633431436,0.00667999992147088,mc2cg_e32
mc2cg_e32,wit,vi,203979,10000,5,0.19626690447330475,0.1962856948375702,0.1624542623758316,0.23049978911876678,0.0016200000187382101,0.00532000008970499,0.009339999966323375,0.0010400000028312206,0.003899999987334013,0.006339999940246343,mc2cg_e32
mc2cg_e8,cgoe,id,223098,10000,5,0.2823609411716461,0.2814304828643799,0.22000551223754883,0.34526118636131287,0.0017400000244379044,0.008799999952316284,0.017479999735951424,0.0010000000009313225,0.005460000038146973,0.011639999784529209,mc2cg_e8
mc2cg_e8,cgoe,jv,39747,10000,5,0.2937934100627899,0.29217034578323364,0.22650496661663055,0.36426421999931335,0.0009999999892897904,0.004780000075697899,0.009860000014305115,0.0009599999990314245,0.004660000000149012,0.01006000004708767,mc2cg_e8
mc2cg_e8,cgoe,ms,161397,10000,5,0.27517008781433105,0.27455273270606995,0.21002508699893951,0.33870550990104675,0.0022400000132620336,0.011259999871253968,0.022820000350475312,0.0009399999980814755,0.0048200001008808615,0.011940000019967556,mc2cg_e8
mc2cg_e8,cgoe,su,21238,10000,5,0.296721875667572,0.29647859930992126,0.23352281749248505,0.3580542206764221,0.0026800000574439763,0.0125,0.02256000004708767,0.0006799999915529043,0.0045599999837577345,0.009980000182986259,mc2cg_e8
mc2cg_e8,cgoe,th,58433,10000,5,0.2791236937046051,0.27312564849853516,0.22331245243549347,0.3442431092262268,0.0005999999993946403,0.002860000031068921,0.005060000065714121,0.00028000000456813724,0.0021599999628961085,0.004380000056698918,mc2cg_e8
mc2cg_e8,cgoe,vi,199562,10000,5,0.26939502358436584,0.26853147149086,0.20379088819026947,0.33434903621673584,0.0012400000123307109,0.006700000166893006,0.01462000012397766,0.0007200000050943345,0.0038600001484155656,0.00937999989837408,mc2cg_e8
mc2cg_e8,wit,id,146744,10000,5,0.23774199187755585,0.23614227771759033,0.17159514129161835,0.30517658591270447,0.0006200000061653554,0.002980000013485551,0.006280000042170286,0.00032000000501284374,0.0016200000187382101,0.0035799999721348287,mc2cg_e8
mc2cg_e8,wit,jv,11926,10000,5,0.2351379096508026,0.23251302540302277,0.16959543526172638,0.3031783699989319,0.00040000000153668226,0.0022000000346451996,0.005319999996572733,0.00019999999494757503,0.0010400000144727528,0.0026800000108778478,mc2cg_e8
mc2cg_e8,wit,ms,59504,10000,5,0.2348421961069107,0.23272746801376343,0.16999682784080505,0.30211320519447327,0.0007199999934528023,0.003640000009909272,0.006220000144094229,0.00029999999969732016,0.0014399999985471369,0.003319999994710088,mc2cg_e8
mc2cg_e8,wit,my,9941,9941,1,0.21253736317157745,0.2085498571395874,0.149680495262146,0.2788737416267395,0.00010059350461233407,0.0018106830539181828,0.003420179011300206,0.00010059350461233407,0.0008047480368986726,0.0019112764857709408,mc2cg_e8
mc2cg_e8,wit,th,55594,10000,5,0.251185804605484,0.24930962920188904,0.19479061663150787,0.3093908727169037,0.00031999999919207767,0.0015199999790638686,0.0035800000187009573,0.0001600000003236346,0.0010200000018812717,0.0022000000346451996,mc2cg_e8
mc2cg_e8,wit,vi,203979,10000,5,0.228046715259552,0.22621256113052368,0.16818249225616455,0.28981563448905945,0.00036000001127831636,0.0022600000025704502,0.004300000099465251,0.00024000000703381375,0.0010400000144727528,0.0023400000063702464,mc2cg_e8
mc2v3_e16,cgoe,id,223098,10000,5,0.3043729364871979,0.3072187900543213,0.25025704503059387,0.3546822667121887,0.10238000005483627,0.23580000102519988,0.3138999938964844,0.08478000164031982,0.2093999981880188,0.28561999797821047,mc2v3_e16
mc2v3_e16,cgoe,jv,39747,10000,5,0.31696516275405884,0.32222309708595276,0.262052983045578,0.3638354539871216,0.10886000096797943,0.2681600034236908,0.35946000218391416,0.093019999563694,0.23264000117778777,0.31696000695228577,mc2v3_e16
mc2v3_e16,cgoe,ms,161397,10000,5,0.29809099435806274,0.29915666580200195,0.24501781165599823,0.3512057662010193,0.10158000141382217,0.22800000309944152,0.2990799963474274,0.08276000171899796,0.19731999635696412,0.2685000002384186,mc2v3_e16
mc2v3_e16,cgoe,su,21238,10000,5,0.32440438866615295,0.3284972608089447,0.27523455023765564,0.3670310974121094,0.1141199991106987,0.2836199998855591,0.37628000378608706,0.09252000153064728,0.23423999547958374,0.31783999800682067,mc2v3_e16
mc2v3_e16,cgoe,th,58433,10000,5,0.29054027795791626,0.29120421409606934,0.23843427002429962,0.3413681983947754,0.0289000004529953,0.08848000019788742,0.1334800034761429,0.02143999971449375,0.07000000029802322,0.10963999927043915,mc2v3_e16
mc2v3_e16,cgoe,vi,199562,10000,5,0.29386746883392334,0.2949177026748657,0.2396928071975708,0.3480163812637329,0.08528000116348267,0.19536000192165376,0.2613200008869171,0.06828000098466873,0.17156000137329103,0.2350600004196167,mc2v3_e16
mc2v3_e16,wit,id,146744,10000,5,0.32712867856025696,0.3325386643409729,0.2744382619857788,0.3716939091682434,0.13130000233650208,0.33053999543190005,0.4437399983406067,0.12060000002384186,0.3042599976062775,0.4129799962043762,mc2v3_e16
mc2v3_e16,wit,jv,11926,10000,5,0.3261857032775879,0.33294108510017395,0.2695828974246979,0.3720560073852539,0.11987999826669693,0.30194000005722044,0.3989599943161011,0.10232000201940536,0.2696000039577484,0.3706000030040741,mc2v3_e16
mc2v3_e16,wit,ms,59504,10000,5,0.3283078074455261,0.3343542814254761,0.2751963138580322,0.37236717343330383,0.13110000193119048,0.3330600023269653,0.4481599986553192,0.12024000138044358,0.30992000102996825,0.41830000281333923,mc2v3_e16
mc2v3_e16,wit,my,9941,9941,1,0.2894042134284973,0.28484591841697693,0.2275054156780243,0.3586273193359375,0.0602555088698864,0.13268283009529114,0.175837442278862,0.04224926978349686,0.10341011732816696,0.14545820653438568,mc2v3_e16
mc2v3_e16,wit,th,55594,10000,5,0.31537383794784546,0.32107973098754883,0.2567654252052307,0.36440810561180115,0.06481999978423118,0.19059999883174897,0.27863999605178835,0.05179999992251396,0.16317999958992005,0.24702000319957734,mc2v3_e16
mc2v3_e16,wit,vi,203979,10000,5,0.32581600546836853,0.33214613795280457,0.2730768620967865,0.36906126141548157,0.11649999916553497,0.295059996843338,0.3999400019645691,0.09956000000238419,0.2684400022029877,0.3697400033473969,mc2v3_e16
mc2v3_e24,cgoe,id,223098,10000,5,0.3176364004611969,0.3225580155849457,0.2751712203025818,0.3531952202320099,0.22835999727249146,0.46694000363349913,0.5768399953842163,0.22284000217914582,0.45171999335289004,0.5608199954032898,mc2v3_e24
mc2v3_e24,cgoe,jv,39747,10000,5,0.32287731766700745,0.32753491401672363,0.28581809997558594,0.3543352782726288,0.21717999875545502,0.47944000363349915,0.5966400027275085,0.23269999623298646,0.4704999983310699,0.5773199915885925,mc2v3_e24
mc2v3_e24,cgoe,ms,161397,10000,5,0.3128989338874817,0.3177787661552429,0.26806381344795227,0.35108402371406555,0.23264000117778777,0.4524400055408478,0.5498000144958496,0.2206999957561493,0.438400000333786,0.5340000033378601,mc2v3_e24
mc2v3_e24,cgoe,su,21238,10000,5,0.33102476596832275,0.3346323072910309,0.2992514967918396,0.35861966013908386,0.24454000294208528,0.5223399996757507,0.6339199900627136,0.22892000079154967,0.4834999918937683,0.5898200154304505,mc2v3_e24
mc2v3_e24,cgoe,th,58433,10000,5,0.3009571135044098,0.30421262979507446,0.25382405519485474,0.3430892527103424,0.06454000025987625,0.17558000087738038,0.25121999979019166,0.05678000003099441,0.16220000088214875,0.2314600020647049,mc2v3_e24
mc2v3_e24,cgoe,vi,199562,10000,5,0.3073059022426605,0.3110284209251404,0.26118004322052,0.3480285704135895,0.19198000133037568,0.40040000081062316,0.49922000169754027,0.18636000156402588,0.39022000432014464,0.4892000019550323,mc2v3_e24
mc2v3_e24,wit,id,146744,10000,5,0.3222601115703583,0.32605043053627014,0.28612756729125977,0.3534943163394928,0.20593999922275544,0.48700000047683717,0.622759997844696,0.21513999998569489,0.48270000219345094,0.610480010509491,mc2v3_e24
mc2v3_e24,wit,jv,11926,10000,5,0.32532453536987305,0.3295668363571167,0.28914332389831543,0.3559921383857727,0.2042199969291687,0.4884999990463257,0.6177799940109253,0.211039999127388,0.4804199993610382,0.6047600150108338,mc2v3_e24
mc2v3_e24,wit,ms,59504,10000,5,0.3235730528831482,0.3273117244243622,0.2879599332809448,0.35456761717796326,0.2001599997282028,0.4900799930095673,0.6276000022888184,0.20973999798297882,0.4861799955368042,0.6180199980735779,mc2v3_e24
mc2v3_e24,wit,my,9941,9941,1,0.2970398962497711,0.3030589520931244,0.24174992740154266,0.3436616361141205,0.07212553918361664,0.18237601220607758,0.2526908814907074,0.06940951943397522,0.18438789248466492,0.2502766251564026,mc2v3_e24
mc2v3_e24,wit,th,55594,10000,5,0.31377267837524414,0.3190827965736389,0.2700955867767334,0.3498654067516327,0.11092000007629395,0.31013999581336976,0.43917999863624574,0.1086799994111061,0.2983799993991852,0.4177399933338165,mc2v3_e24
mc2v3_e24,wit,vi,203979,10000,5,0.3200465142726898,0.32366320490837097,0.28378593921661377,0.3513897657394409,0.1756799966096878,0.43561999797821044,0.5660199999809266,0.18046000003814697,0.426800000667572,0.5533799886703491,mc2v3_e24
mc2v3_e32,bloom,fil,558,558,1,0.34646880626678467,0.34860971570014954,0.32463234663009644,0.36823582649230957,0.31182795763015747,0.6881720423698425,0.8064516186714172,0.2706093192100525,0.6505376100540161,0.7849462628364563,mc2v3_e32
mc2v3_e32,bloom,id,2169,2169,1,0.3499288260936737,0.3512857258319855,0.32792311906814575,0.37069767713546753,0.1318580061197281,0.3762102425098419,0.5228216052055359,0.10926694422960281,0.29506686329841614,0.4236975610256195,mc2v3_e32
mc2v3_e32,bloom,km,308,308,1,0.3458145260810852,0.34846556186676025,0.32113930583000183,0.3673076629638672,0.16558441519737244,0.5551947951316833,0.7045454382896423,0.08441558480262756,0.3181818127632141,0.47727271914482117,mc2v3_e32
mc2v3_e32,bloom,ms,102,102,1,0.3470280170440674,0.3522724509239197,0.30904266238212585,0.36987873911857605,0.37254902720451355,0.843137264251709,0.9411764740943909,0.30392158031463623,0.7941176295280457,0.9019607901573181,mc2v3_e32
mc2v3_e32,bloom,my,419,419,1,0.3539671301841736,0.3595052659511566,0.32326608896255493,0.37839195132255554,0.07637231796979904,0.2553699314594269,0.38902148604393005,0.05727923661470413,0.21718376874923706,0.32219570875167847,mc2v3_e32
mc2v3_e32,bloom,th,3009,3009,1,0.3594895601272583,0.36289235949516296,0.3349677622318268,0.38046908378601074,0.022931206971406937,0.08474576473236084,0.1286141574382782,0.01262878067791462,0.03855101391673088,0.06547025591135025,mc2v3_e32
mc2v3_e32,bloom,vi,22,22,1,0.3671709895133972,0.36618536710739136,0.3501207232475281,0.38759464025497437,0.04545454680919647,0.3636363744735718,0.8181818127632141,0.1818181872367859,0.5,0.7727272510528564,mc2v3_e32
mc2v3_e32,cgoe,id,223098,10000,5,0.3341308832168579,0.3378913998603821,0.30515822768211365,0.35865285992622375,0.38461999893188475,0.6919399976730347,0.7941200017929078,0.380919998884201,0.6730200052261353,0.7740599989891053,mc2v3_e32
mc2v3_e32,cgoe,jv,39747,10000,5,0.33568626642227173,0.33876630663871765,0.30943557620048523,0.35861873626708984,0.3537000000476837,0.682480001449585,0.7875199913978577,0.3581599950790405,0.6581400036811829,0.7581799983978271,mc2v3_e32
mc2v3_e32,cgoe,ms,161397,10000,5,0.3326745927333832,0.33676451444625854,0.30265897512435913,0.3575633764266968,0.39140000343322756,0.6712999939918518,0.7639400005340576,0.38375999927520754,0.6567399978637696,0.7473399996757507,mc2v3_e32
mc2v3_e32,cgoe,su,21238,10000,5,0.340474009513855,0.34288206696510315,0.317043662071228,0.3611643314361572,0.36790000200271605,0.7041200041770935,0.8034200072288513,0.3584999978542328,0.6662600040435791,0.76735999584198,mc2v3_e32
mc2v3_e32,cgoe,th,58433,10000,5,0.32661759853363037,0.3312186598777771,0.28826338052749634,0.35780593752861023,0.15807999968528746,0.3874600052833557,0.5004400074481964,0.14386000037193297,0.34993999600410464,0.45600000619888303,mc2v3_e32
mc2v3_e32,cgoe,vi,199562,10000,5,0.32683104276657104,0.3309844732284546,0.2945748567581177,0.3541678190231323,0.3441799938678741,0.6289399981498718,0.727620005607605,0.3393400013446808,0.6083600044250488,0.7091399908065796,mc2v3_e32
mc2v3_e32,mammoth,all,398170,10000,5,0.20463033020496368,0.1996319591999054,0.15389639139175415,0.26487964391708374,0.00816000010818243,0.021900000050663948,0.03061999976634979,0.0022000000346451996,0.008420000039041042,0.014159999787807465,mc2v3_e32
mc2v3_e32,wit,id,146744,10000,5,0.3362117409706116,0.33896133303642273,0.31097525358200073,0.35851770639419556,0.3028599977493286,0.6541800022125244,0.785260009765625,0.3165600061416626,0.6414599895477295,0.7629000067710876,mc2v3_e32
mc2v3_e32,wit,jv,11926,10000,5,0.33875542879104614,0.3414924144744873,0.31472480297088623,0.3595632016658783,0.29863999485969545,0.6536200046539307,0.7728000044822693,0.31753999590873716,0.6322800040245056,0.748580002784729,mc2v3_e32
mc2v3_e32,wit,ms,59504,10000,5,0.33718159794807434,0.33984386920928955,0.3125367760658264,0.35935330390930176,0.31241999864578246,0.6692799925804138,0.7964800000190735,0.3186599910259247,0.6490800142288208,0.7728200078010559,mc2v3_e32
mc2v3_e32,wit,my,9941,9941,1,0.3289259672164917,0.33340418338775635,0.2955787181854248,0.35583198070526123,0.13932199776172638,0.36998289823532104,0.49994969367980957,0.15913891792297363,0.3738054633140564,0.4908962845802307,mc2v3_e32
mc2v3_e32,wit,th,55594,10000,5,0.3347456753253937,0.3381647765636444,0.30590659379959106,0.3596580922603607,0.20033999979496003,0.5059200048446655,0.6559000015258789,0.1979000002145767,0.48501999378204347,0.6282400012016296,mc2v3_e32
mc2v3_e32,wit,vi,203979,10000,5,0.33477893471717834,0.3374372720718384,0.30892708897590637,0.35765549540519714,0.26060000658035276,0.5898800134658814,0.7243200063705444,0.27021999955177306,0.5733200073242187,0.6980000138282776,mc2v3_e32
mc2v3_e8,cgoe,id,223098,10000,5,0.31033334136009216,0.3111456036567688,0.24547192454338074,0.37473511695861816,0.04607999995350838,0.12723999917507173,0.1812800019979477,0.0364999994635582,0.11015999913215638,0.16271999776363372,mc2v3_e8
mc2v3_e8,cgoe,jv,39747,10000,5,0.3204718828201294,0.3270953595638275,0.24943950772285461,0.3816327750682831,0.0480200007557869,0.13456000089645387,0.19079999923706054,0.04131999984383583,0.1194000005722046,0.17612000107765197,mc2v3_e8
mc2v3_e8,cgoe,ms,161397,10000,5,0.3018761873245239,0.299612820148468,0.24045482277870178,0.36795574426651,0.04666000008583069,0.11744000017642975,0.16508000195026398,0.03570000007748604,0.09964000135660171,0.14584000408649445,mc2v3_e8
mc2v3_e8,cgoe,su,21238,10000,5,0.3352070450782776,0.34146273136138916,0.27241331338882446,0.38854581117630005,0.05770000070333481,0.15089999735355378,0.21306000053882598,0.04126000106334686,0.11641999930143357,0.1712999999523163,mc2v3_e8
mc2v3_e8,cgoe,th,58433,10000,5,0.30350878834724426,0.3016797602176666,0.2442917376756668,0.3664604425430298,0.013300000131130219,0.04800000041723251,0.07567999958992004,0.01001999992877245,0.03734000027179718,0.06380000039935112,mc2v3_e8
mc2v3_e8,cgoe,vi,199562,10000,5,0.29218176007270813,0.2901586592197418,0.23060619831085205,0.35778993368148804,0.037539999932050705,0.10284000039100646,0.14699999690055848,0.027940000221133233,0.08620000034570693,0.1296200007200241,mc2v3_e8
mc2v3_e8,wit,id,146744,10000,5,0.34925374388694763,0.35687336325645447,0.27694791555404663,0.4094815254211426,0.08315999954938888,0.22741999626159667,0.3228999972343445,0.07398000210523606,0.20623999536037446,0.29311999678611755,mc2v3_e8
mc2v3_e8,wit,jv,11926,10000,5,0.34444087743759155,0.35248759388923645,0.26786383986473083,0.4075062870979309,0.07621999979019164,0.20501999855041503,0.2835999965667725,0.06402000039815903,0.18157999813556672,0.2571399986743927,mc2v3_e8
mc2v3_e8,wit,ms,59504,10000,5,0.3502834737300873,0.3577251732349396,0.277617871761322,0.41058745980262756,0.08622000068426132,0.23163999915122985,0.32549999952316283,0.07699999809265137,0.21151999831199647,0.30081999897956846,mc2v3_e8
mc2v3_e8,wit,my,9941,9941,1,0.30475276708602905,0.2963883876800537,0.23755985498428345,0.38732463121414185,0.040438588708639145,0.09576501697301865,0.13077154755592346,0.025651343166828156,0.06810180097818375,0.098380446434021,mc2v3_e8
mc2v3_e8,wit,th,55594,10000,5,0.3341425359249115,0.340251088142395,0.2589114308357239,0.3990466296672821,0.04144000038504601,0.13032000064849852,0.19870000183582306,0.0308399997651577,0.10564000010490418,0.16534000039100646,mc2v3_e8
mc2v3_e8,wit,vi,203979,10000,5,0.3442506790161133,0.35137829184532166,0.2745008170604706,0.4024792015552521,0.07101999968290329,0.20412000119686127,0.2921000063419342,0.06262000054121017,0.181139999628067,0.26324000358581545,mc2v3_e8
mc2wit_e16,bloom,fil,558,558,1,0.21501615643501282,0.2099180668592453,0.17631478607654572,0.2626316547393799,0.00358422938734293,0.017921147868037224,0.017921147868037224,0.001792114693671465,0.005376344081014395,0.01075268816202879,mc2wit_e16
mc2wit_e16,bloom,id,2169,2169,1,0.23024185001850128,0.22901904582977295,0.1952311396598816,0.26906684041023254,0.0,0.004149377811700106,0.005993545521050692,0.00046104195644147694,0.004610419739037752,0.007376671303063631,mc2wit_e16
mc2wit_e16,bloom,km,308,308,1,0.23446382582187653,0.2331348955631256,0.21362358331680298,0.2589454650878906,0.003246753243729472,0.022727273404598236,0.03896103799343109,0.006493506487458944,0.022727273404598236,0.03896103799343109,mc2wit_e16
mc2wit_e16,bloom,ms,102,102,1,0.24750275909900665,0.24691550433635712,0.21973250806331635,0.28221067786216736,0.009803921915590763,0.06862745434045792,0.1568627506494522,0.019607843831181526,0.09803921729326248,0.1764705926179886,mc2wit_e16
mc2wit_e16,bloom,my,419,419,1,0.23692640662193298,0.23693741858005524,0.21244212985038757,0.26176917552948,0.00238663493655622,0.01193317398428917,0.02386634796857834,0.0071599045768380165,0.00954653974622488,0.021479712799191475,mc2wit_e16
mc2wit_e16,bloom,th,3009,3009,1,0.23651649057865143,0.23823626339435577,0.2093183845281601,0.2603950798511505,0.0006646726396866143,0.0019940179772675037,0.0046527087688446045,0.00033233631984330714,0.002658690558746457,0.005649717524647713,mc2wit_e16
mc2wit_e16,bloom,vi,22,22,1,0.2679252326488495,0.2683541476726532,0.23854182660579681,0.2870413661003113,0.04545454680919647,0.3181818127632141,0.5,0.04545454680919647,0.13636364042758942,0.40909090638160706,mc2wit_e16
mc2wit_e16,cgoe,id,223098,10000,5,0.22833111882209778,0.22896671295166016,0.17687033116817474,0.2785242795944214,0.0007799999992130324,0.004140000091865659,0.00785999996587634,0.0006200000178068876,0.00272000003606081,0.004679999966174364,mc2wit_e16
mc2wit_e16,cgoe,jv,39747,10000,5,0.22640269994735718,0.22722631692886353,0.17597626149654388,0.2752460241317749,0.0006800000148359687,0.0032199999783188104,0.005640000011771918,0.00048000000097090376,0.001520000013988465,0.002500000037252903,mc2wit_e16
mc2wit_e16,cgoe,ms,161397,10000,5,0.21445217728614807,0.21323424577713013,0.16239525377750397,0.26816272735595703,0.0006600000051548705,0.003260000003501773,0.006599999964237213,0.0003800000122282654,0.001560000015888363,0.0035400000400841237,mc2wit_e16
mc2wit_e16,cgoe,su,21238,10000,5,0.22479398548603058,0.22477194666862488,0.1779974400997162,0.27081382274627686,0.0003000000098836608,0.002519999956712127,0.0046200000680983065,0.00017999999545281753,0.0006799999973736703,0.0012400000123307109,mc2wit_e16
mc2wit_e16,cgoe,th,58433,10000,5,0.23221959173679352,0.2324432134628296,0.19864335656166077,0.2651166617870331,0.0005599999974947422,0.0029600000008940695,0.005460000038146973,0.0002599999977974221,0.0007000000099651515,0.0015799999935552477,mc2wit_e16
mc2wit_e16,cgoe,vi,199562,10000,5,0.22274933755397797,0.22457116842269897,0.1722002625465393,0.2691183090209961,0.0004000000160885975,0.0024799999780952932,0.004879999998956918,0.0004400000150781125,0.0016199999954551458,0.0031400000676512717,mc2wit_e16
mc2wit_e16,wit,id,146744,10000,5,0.288239449262619,0.28944528102874756,0.23739396035671234,0.33675137162208557,0.00532000008970499,0.03147999979555607,0.06338000148534775,0.02014000006020069,0.07226000130176544,0.11538000106811523,mc2wit_e16
mc2wit_e16,wit,jv,11926,10000,5,0.28859943151474,0.28891903162002563,0.23734697699546814,0.337837278842926,0.002759999968111515,0.018160000443458557,0.04888000041246414,0.017020000144839287,0.06132000014185905,0.10200000107288361,mc2wit_e16
mc2wit_e16,wit,ms,59504,10000,5,0.2884632647037506,0.2894788086414337,0.2376497983932495,0.3373582363128662,0.004480000026524067,0.02993999980390072,0.06248000040650368,0.020880000293254854,0.07432000190019608,0.12051999866962433,mc2wit_e16
mc2wit_e16,wit,my,9941,9941,1,0.2536572217941284,0.23883448541164398,0.21111108362674713,0.32334673404693604,0.0020118700340390205,0.008047480136156082,0.013982497155666351,0.008449854329228401,0.026858465746045113,0.04063977301120758,mc2wit_e16
mc2wit_e16,wit,th,55594,10000,5,0.26393288373947144,0.2590969204902649,0.21534854173660278,0.3207051753997803,0.003019999945536256,0.013100000098347664,0.027899999544024466,0.005640000011771918,0.026020000129938124,0.04469999969005585,mc2wit_e16
mc2wit_e16,wit,vi,203979,10000,5,0.2823704183101654,0.2826769948005676,0.2274618148803711,0.33577650785446167,0.0035800000187009573,0.02515999972820282,0.054820000380277636,0.014639999717473984,0.059740000218153,0.09864000231027603,mc2wit_e16
mc2wit_e24,bloom,fil,558,558,1,0.2273368090391159,0.22669605910778046,0.19542405009269714,0.26221221685409546,0.0,0.01075268816202879,0.0197132620960474,0.0,0.00716845877468586,0.017921147868037224,mc2wit_e24
mc2wit_e24,bloom,id,2169,2169,1,0.2269609272480011,0.2259196639060974,0.1987312138080597,0.2570488154888153,0.00046104195644147694,0.004610419739037752,0.007376671303063631,0.0009220839128829539,0.005071461666375399,0.008298755623400211,mc2wit_e24
mc2wit_e24,bloom,km,308,308,1,0.23343361914157867,0.23348523676395416,0.20889879763126373,0.2584095895290375,0.006493506487458944,0.022727273404598236,0.03896103799343109,0.0,0.019480518996715546,0.04220779240131378,mc2wit_e24
mc2wit_e24,bloom,ms,102,102,1,0.23856063187122345,0.2377692461013794,0.21137313544750214,0.2705255150794983,0.029411764815449715,0.09803921729326248,0.13725490868091583,0.03921568766236305,0.09803921729326248,0.18627451360225677,mc2wit_e24
mc2wit_e24,bloom,my,419,419,1,0.23198716342449188,0.23000364005565643,0.21098458766937256,0.25720223784446716,0.0,0.00954653974622488,0.01909307949244976,0.00238663493655622,0.00477326987311244,0.02386634796857834,mc2wit_e24
mc2wit_e24,bloom,th,3009,3009,1,0.2380833923816681,0.23879410326480865,0.21745112538337708,0.25853806734085083,0.0009970089886337519,0.0019940179772675037,0.005317381117492914,0.00033233631984330714,0.0013293452793732285,0.0046527087688446045,mc2wit_e24
mc2wit_e24,bloom,vi,22,22,1,0.24590347707271576,0.24438583850860596,0.22407519817352295,0.26754045486450195,0.04545454680919647,0.1818181872367859,0.4545454680919647,0.0,0.04545454680919647,0.3181818127632141,mc2wit_e24
mc2wit_e24,cgoe,id,223098,10000,5,0.220049187541008,0.21889883279800415,0.17828315496444702,0.26434317231178284,0.002120000030845404,0.0076200001873075966,0.013519999943673611,0.001820000004954636,0.006639999989420176,0.01096000000834465,mc2wit_e24
mc2wit_e24,cgoe,jv,39747,10000,5,0.2208757996559143,0.22015368938446045,0.18104436993598938,0.2623421251773834,0.0013600000063888728,0.005180000048130751,0.009400000050663947,0.0009599999990314245,0.003440000023692846,0.006300000008195639,mc2wit_e24
mc2wit_e24,cgoe,ms,161397,10000,5,0.21530801057815552,0.21382975578308105,0.175826296210289,0.25795161724090576,0.0017999999923631548,0.006979999970644713,0.012079999782145023,0.0010400000028312206,0.0041600000113248825,0.007259999960660934,mc2wit_e24
mc2wit_e24,cgoe,su,21238,10000,5,0.21041427552700043,0.2092043161392212,0.17338602244853973,0.25000086426734924,0.0006800000090152025,0.003300000028684735,0.006340000033378601,0.0006200000178068876,0.0019199999747797846,0.0030200000386685134,mc2wit_e24
mc2wit_e24,cgoe,th,58433,10000,5,0.22258765995502472,0.22176805138587952,0.19719047844409943,0.24914805591106415,0.0010799999930895866,0.004820000054314733,0.008940000087022781,0.00033999999577645213,0.0014200000092387199,0.0023800000082701443,mc2wit_e24
mc2wit_e24,cgoe,vi,199562,10000,5,0.21480019390583038,0.21491247415542603,0.17578615248203278,0.2537224292755127,0.0012400000006891787,0.004860000032931566,0.008360000047832727,0.0007000000216066838,0.0026999999769032,0.0051599999889731405,mc2wit_e24
mc2wit_e24,wit,id,146744,10000,5,0.2824074625968933,0.2845245599746704,0.24550208449363708,0.31626299023628235,0.09467999935150147,0.251460000872612,0.350900000333786,0.1102199986577034,0.28294000029563904,0.3828799962997437,mc2wit_e24
mc2wit_e24,wit,jv,11926,10000,5,0.2830447852611542,0.2851077914237976,0.24577008187770844,0.3167935609817505,0.08415999859571457,0.2328599989414215,0.3326199948787689,0.11855999976396561,0.2781000018119812,0.3733000040054321,mc2wit_e24
mc2wit_e24,wit,ms,59504,10000,5,0.2821909189224243,0.28410235047340393,0.24545273184776306,0.3160704970359802,0.09360000044107437,0.2541999965906143,0.357179993391037,0.11972000002861023,0.29953999519348146,0.4028599977493286,mc2wit_e24
mc2wit_e24,wit,my,9941,9941,1,0.2487015724182129,0.2356025129556656,0.2090452015399933,0.3090512752532959,0.040840961039066315,0.08510210365056992,0.11135700345039368,0.04788250848650932,0.10823860764503479,0.13881903886795044,mc2wit_e24
mc2wit_e24,wit,th,55594,10000,5,0.25749367475509644,0.2561470866203308,0.2175566852092743,0.299122154712677,0.03648000061511993,0.09326000064611435,0.13729999959468842,0.03109999969601631,0.09221999794244766,0.13501999974250795,mc2wit_e24
mc2wit_e24,wit,vi,203979,10000,5,0.2740066945552826,0.27707594633102417,0.23302748799324036,0.30967503786087036,0.06742000132799149,0.18763999938964843,0.2711400032043457,0.08104000091552735,0.21744000017642975,0.2963599979877472,mc2wit_e24
mc2wit_e32,bloom,fil,558,558,1,0.21229061484336853,0.21264146268367767,0.1850677728652954,0.24080675840377808,0.00358422938734293,0.01075268816202879,0.0197132620960474,0.0,0.00716845877468586,0.025089606642723083,mc2wit_e32
mc2wit_e32,bloom,id,2169,2169,1,0.21435464918613434,0.21438521146774292,0.18789000809192657,0.2423766702413559,0.0009220839128829539,0.004610419739037752,0.00968188140541315,0.0,0.004149377811700106,0.008298755623400211,mc2wit_e32
mc2wit_e32,bloom,km,308,308,1,0.22190867364406586,0.22327309846878052,0.19430305063724518,0.2471088171005249,0.003246753243729472,0.012987012974917889,0.02922077849507332,0.003246753243729472,0.019480518996715546,0.04220779240131378,mc2wit_e32
mc2wit_e32,bloom,ms,102,102,1,0.22107616066932678,0.22323133051395416,0.18375882506370544,0.2535446286201477,0.04901960864663124,0.0882352963089943,0.1666666716337204,0.019607843831181526,0.12745098769664764,0.2647058963775635,mc2wit_e32
mc2wit_e32,bloom,my,419,419,1,0.22120164334774017,0.22187815606594086,0.2005963921546936,0.24095943570137024,0.00238663493655622,0.00954653974622488,0.014319809153676033,0.00477326987311244,0.016706444323062897,0.026252983137965202,mc2wit_e32
mc2wit_e32,bloom,th,3009,3009,1,0.21581482887268066,0.2167259305715561,0.18629494309425354,0.24292582273483276,0.0009970089886337519,0.0023263543844223022,0.004320372361689806,0.0009970089886337519,0.0023263543844223022,0.0039880359545350075,mc2wit_e32
mc2wit_e32,bloom,vi,22,22,1,0.22128337621688843,0.21961984038352966,0.19518043100833893,0.25012949109077454,0.09090909361839294,0.1818181872367859,0.5,0.04545454680919647,0.3181818127632141,0.5454545617103577,mc2wit_e32
mc2wit_e32,cgoe,id,223098,10000,5,0.1954793930053711,0.1948031783103943,0.15098561346530914,0.24198280274868011,0.0020800000056624413,0.00838000001385808,0.014220000058412553,0.0019000000320374966,0.007559999916702509,0.012960000149905681,mc2wit_e32
mc2wit_e32,cgoe,jv,39747,10000,5,0.1952769160270691,0.19526435434818268,0.15203669667243958,0.23922249674797058,0.0015399999683722854,0.00544000007212162,0.009080000035464764,0.0010999999940395355,0.0037199999671429394,0.005920000001788139,mc2wit_e32
mc2wit_e32,cgoe,ms,161397,10000,5,0.18974091112613678,0.1885320097208023,0.14713943004608154,0.23546364903450012,0.0017800000263378025,0.0065599999390542505,0.011099999770522118,0.0015400000265799463,0.004940000083297491,0.008639999944716693,mc2wit_e32
mc2wit_e32,cgoe,su,21238,10000,5,0.19130291044712067,0.19106577336788177,0.1552291363477707,0.2274082601070404,0.0009400000097230076,0.003580000065267086,0.006319999974220991,0.0005000000062864273,0.0020800000289455055,0.003560000006109476,mc2wit_e32
mc2wit_e32,cgoe,th,58433,10000,5,0.20279309153556824,0.20254307985305786,0.16863182187080383,0.23783491551876068,0.0014399999752640724,0.004420000035315752,0.007560000196099282,0.0007200000109151006,0.002560000028461218,0.00414000004529953,mc2wit_e32
mc2wit_e32,cgoe,vi,199562,10000,5,0.18901777267456055,0.18952246010303497,0.14289937913417816,0.23488764464855194,0.001380000007338822,0.00558000011369586,0.009220000263303519,0.0014200000092387199,0.004279999993741512,0.007180000189691782,mc2wit_e32
mc2wit_e32,mammoth,all,398170,10000,5,0.2185380905866623,0.22079560160636902,0.17951273918151855,0.25406166911125183,0.0008400000049732625,0.0029399999883025886,0.005059999972581863,0.0004000000044470653,0.001600000006146729,0.003140000021085143,mc2wit_e32
mc2wit_e32,wit,id,146744,10000,5,0.2865467965602875,0.2896427512168884,0.2616914212703705,0.3071596026420593,0.39016000032424925,0.6821200013160705,0.7794800162315368,0.43524000644683836,0.7017000079154968,0.7869800209999085,mc2wit_e32
mc2wit_e32,wit,jv,11926,10000,5,0.2890206575393677,0.29168590903282166,0.2657362222671509,0.30898553133010864,0.3423799991607666,0.6523599982261657,0.7569600105285644,0.44434000849723815,0.6898799896240234,0.7673800110816955,mc2wit_e32
mc2wit_e32,wit,ms,59504,10000,5,0.2872646749019623,0.2900736331939697,0.26350587606430054,0.3075062334537506,0.4001200020313263,0.7016199946403503,0.7954399943351745,0.44785999655723574,0.7191799998283386,0.7988400101661682,mc2wit_e32
mc2wit_e32,wit,my,9941,9941,1,0.2585580050945282,0.25353097915649414,0.21913352608680725,0.30342361330986023,0.0989840030670166,0.18147067725658417,0.23478522896766663,0.1601448506116867,0.25067901611328125,0.29222410917282104,mc2wit_e32
mc2wit_e32,wit,th,55594,10000,5,0.27029600739479065,0.27229657769203186,0.23681113123893738,0.3007875084877014,0.1426000028848648,0.3184800028800964,0.4221599936485291,0.16949999928474427,0.35048000812530516,0.443259996175766,mc2wit_e32
mc2wit_e32,wit,vi,203979,10000,5,0.28067490458488464,0.2838182747364044,0.2515053153038025,0.3049938380718231,0.2890999972820282,0.5472400069236756,0.6558199882507324,0.34092000126838684,0.5845400094985962,0.6729400038719178,mc2wit_e32
mc2wit_e8,bloom,fil,558,558,1,0.22665509581565857,0.22056636214256287,0.1575746089220047,0.30234646797180176,0.001792114693671465,0.008960573934018612,0.016129031777381897,0.001792114693671465,0.001792114693671465,0.008960573934018612,mc2wit_e8
mc2wit_e8,bloom,id,2169,2169,1,0.23895001411437988,0.23744957149028778,0.18056008219718933,0.29779917001724243,0.00046104195644147694,0.002305209869518876,0.004610419739037752,0.00046104195644147694,0.0018441678257659078,0.004610419739037752,mc2wit_e8
mc2wit_e8,bloom,km,308,308,1,0.25256970524787903,0.2463783621788025,0.19374774396419525,0.31900283694267273,0.003246753243729472,0.009740259498357773,0.022727273404598236,0.0,0.012987012974917889,0.025974025949835777,mc2wit_e8
mc2wit_e8,bloom,ms,102,102,1,0.25215721130371094,0.23839420080184937,0.1826731562614441,0.3454287052154541,0.0,0.03921568766236305,0.13725490868091583,0.009803921915590763,0.04901960864663124,0.11764705926179886,mc2wit_e8
mc2wit_e8,bloom,my,419,419,1,0.2831834554672241,0.2810996174812317,0.23082254827022552,0.3346163332462311,0.00238663493655622,0.0071599045768380165,0.026252983137965202,0.0,0.0071599045768380165,0.021479712799191475,mc2wit_e8
mc2wit_e8,bloom,th,3009,3009,1,0.270441472530365,0.2706919014453888,0.21862570941448212,0.3209878206253052,0.00033233631984330714,0.0013293452793732285,0.0033233631402254105,0.0,0.0016616815701127052,0.0033233631402254105,mc2wit_e8
mc2wit_e8,bloom,vi,22,22,1,0.28987592458724976,0.29150670766830444,0.24006368219852448,0.33516252040863037,0.04545454680919647,0.22727273404598236,0.3636363744735718,0.04545454680919647,0.13636364042758942,0.40909090638160706,mc2wit_e8
mc2wit_e8,cgoe,id,223098,10000,5,0.21816743910312653,0.2129162847995758,0.14992667734622955,0.29301711916923523,0.0004600000160280615,0.0020999999949708583,0.003399999951943755,0.0001799999998183921,0.0007599999895319343,0.0015799999935552477,mc2wit_e8
mc2wit_e8,cgoe,jv,39747,10000,5,0.21679486334323883,0.21260219812393188,0.1576227843761444,0.27967187762260437,0.0001999999993131496,0.0013599999831058085,0.002800000039860606,9.999999747378752e-05,0.0007199999992735684,0.0013399999821558594,mc2wit_e8
mc2wit_e8,cgoe,ms,161397,10000,5,0.20410458743572235,0.196746826171875,0.13845887780189514,0.27961742877960205,0.00033999999868683517,0.0018200000282377004,0.0033599999733269215,0.00024000000557862223,0.0010000000125728547,0.002079999982379377,mc2wit_e8
mc2wit_e8,cgoe,su,21238,10000,5,0.1881188154220581,0.18403984606266022,0.13419026136398315,0.24693569540977478,0.00026000000507337974,0.001040000026114285,0.0022200000006705523,0.00011999999696854502,0.0006999999866820871,0.0011000000173225998,mc2wit_e8
mc2wit_e8,cgoe,th,58433,10000,5,0.2404092252254486,0.23677510023117065,0.18308986723423004,0.30307990312576294,0.0004599999985657632,0.0013799999840557575,0.002499999990686774,5.999999848427251e-05,0.0005800000042654573,0.0010399999911896885,mc2wit_e8
mc2wit_e8,cgoe,vi,199562,10000,5,0.21233054995536804,0.210489422082901,0.14602196216583252,0.27822452783584595,0.00036000000400235874,0.0014999999897554518,0.0032399999909102917,0.00030000000551808623,0.0010599999921396374,0.0018400000175461174,mc2wit_e8
mc2wit_e8,wit,id,146744,10000,5,0.2889326512813568,0.2866954803466797,0.21194642782211304,0.36744001507759094,0.0007799999904818833,0.003839999949559569,0.00888000000268221,0.002440000046044588,0.012019999884068966,0.023000000417232512,mc2wit_e8
mc2wit_e8,wit,jv,11926,10000,5,0.2924012541770935,0.29034996032714844,0.22128775715827942,0.36756399273872375,0.0004400000034365803,0.0024000000208616256,0.00520000010728836,0.002920000068843365,0.010779999941587449,0.021460000053048135,mc2wit_e8
mc2wit_e8,wit,ms,59504,10000,5,0.2902010679244995,0.2875882387161255,0.21428410708904266,0.37031084299087524,0.0008599999942816794,0.0036800000816583633,0.007679999805986881,0.0025999999837949873,0.01285999994724989,0.025460000336170196,mc2wit_e8
mc2wit_e8,wit,my,9941,9941,1,0.26966309547424316,0.25717419385910034,0.20228871703147888,0.3592151999473572,0.000603560998570174,0.0026154310908168554,0.00442611426115036,0.000603560998570174,0.0031183985993266106,0.007041545119136572,mc2wit_e8
mc2wit_e8,wit,th,55594,10000,5,0.2729049324989319,0.26576608419418335,0.2023123800754547,0.3544948697090149,0.0007799999904818833,0.0038800000213086603,0.007800000067800283,0.001060000015422702,0.0053999999538064,0.010960000194609165,mc2wit_e8
mc2wit_e8,wit,vi,203979,10000,5,0.28531959652900696,0.27995163202285767,0.20221827924251556,0.3751695156097412,0.0010000000125728547,0.005280000064522028,0.011400000005960465,0.0024600000120699405,0.011460000090301037,0.022859999909996986,mc2wit_e8
metaclip2_b16,bloom,fil,558,558,1,0.23397129774093628,0.22770702838897705,0.18590563535690308,0.29217901825904846,0.08781362324953079,0.18458780646324158,0.2455197125673294,0.04659498110413551,0.12007168680429459,0.19534049928188324,metaclip2_b16
metaclip2_b16,bloom,id,2169,2169,1,0.2624169886112213,0.26308420300483704,0.21274952590465546,0.309873104095459,0.10557860881090164,0.2360534816980362,0.3227293789386749,0.0714615061879158,0.19594283401966095,0.2766251862049103,metaclip2_b16
metaclip2_b16,bloom,km,308,308,1,0.2404249906539917,0.24393488466739655,0.19537533819675446,0.2822248637676239,0.11363636702299118,0.25974026322364807,0.3538961112499237,0.051948051899671555,0.15259739756584167,0.2889610528945923,metaclip2_b16
metaclip2_b16,bloom,ms,102,102,1,0.2603453993797302,0.2633267641067505,0.20526725053787231,0.30498769879341125,0.1764705926179886,0.5196078419685364,0.6666666865348816,0.18627451360225677,0.529411792755127,0.6176470518112183,metaclip2_b16
metaclip2_b16,bloom,my,419,419,1,0.21923023462295532,0.215584397315979,0.1834324449300766,0.26090720295906067,0.021479712799191475,0.07875894755125046,0.11694511026144028,0.014319809153676033,0.05727923661470413,0.07398568093776703,metaclip2_b16
metaclip2_b16,bloom,th,3009,3009,1,0.25674307346343994,0.25743311643600464,0.21036505699157715,0.30374032258987427,0.028248587623238564,0.10036557167768478,0.1502160131931305,0.018278498202562332,0.06214689090847969,0.10103024542331696,metaclip2_b16
metaclip2_b16,bloom,vi,22,22,1,0.23899132013320923,0.240322545170784,0.20095764100551605,0.2718156576156616,0.13636364042758942,0.5909090638160706,0.8181818127632141,0.22727273404598236,0.5909090638160706,0.7727272510528564,metaclip2_b16
metaclip2_b16,cgoe,id,223098,10000,5,0.2569156885147095,0.25597596168518066,0.2034904807806015,0.31264469027519226,0.18350000083446502,0.3144600033760071,0.37929999828338623,0.15144000053405762,0.2665799975395203,0.3299399971961975,metaclip2_b16
metaclip2_b16,cgoe,jv,39747,10000,5,0.24540141224861145,0.2446405291557312,0.18882577121257782,0.3049386739730835,0.11282000094652175,0.21638000011444092,0.26597999930381777,0.08002000004053116,0.15244000256061555,0.19410000145435333,metaclip2_b16
metaclip2_b16,cgoe,ms,161397,10000,5,0.25132012367248535,0.24872420728206635,0.20384511351585388,0.303830623626709,0.1300000011920929,0.22355999946594238,0.27057999968528745,0.10282000005245209,0.1818800002336502,0.22549999952316285,metaclip2_b16
metaclip2_b16,cgoe,su,21238,10000,5,0.25301995873451233,0.2522806227207184,0.19742627441883087,0.31078043580055237,0.11186000108718872,0.2233399987220764,0.2716600000858307,0.08310000151395798,0.16459999978542328,0.205239999294281,metaclip2_b16
metaclip2_b16,cgoe,th,58433,10000,5,0.2564948499202728,0.2569451928138733,0.2016763985157013,0.3113420605659485,0.09161999970674514,0.20002000033855438,0.26341999769210817,0.06527999937534332,0.1492599993944168,0.19782000482082368,metaclip2_b16
metaclip2_b16,cgoe,vi,199562,10000,5,0.24850663542747498,0.24680307507514954,0.198269784450531,0.3013964593410492,0.14280000030994416,0.2455799996852875,0.29869999289512633,0.11260000020265579,0.20621999800205232,0.2582199990749359,metaclip2_b16
metaclip2_b16,mammoth,all,398170,10000,5,0.24617698788642883,0.2481103241443634,0.1763279289007187,0.312137246131897,0.16624000072479247,0.29234000444412234,0.34726000428199766,0.15016000270843505,0.2844200015068054,0.3398800015449524,metaclip2_b16
metaclip2_b16,wit,id,146744,10000,5,0.3014896810054779,0.30582404136657715,0.24220874905586243,0.35425692796707153,0.4196399986743927,0.6304399967193604,0.7056999921798706,0.4074200034141541,0.6182599902153015,0.6940199971199036,metaclip2_b16
metaclip2_b16,wit,jv,11926,10000,5,0.2893812656402588,0.2966684103012085,0.2154504954814911,0.3501194715499878,0.31998000144958494,0.5116600036621094,0.5867399930953979,0.3160999953746796,0.5022599935531616,0.5740999937057495,metaclip2_b16
metaclip2_b16,wit,ms,59504,10000,5,0.2991529703140259,0.3038257956504822,0.23635238409042358,0.3548887372016907,0.400600004196167,0.611299991607666,0.6873000025749206,0.39031999707221987,0.5989199995994567,0.6756399989128112,metaclip2_b16
metaclip2_b16,wit,my,9941,9941,1,0.2746579051017761,0.2769651412963867,0.20787100493907928,0.33753108978271484,0.17483150959014893,0.3080173134803772,0.37360426783561707,0.15099084377288818,0.272407203912735,0.33437278866767883,metaclip2_b16
metaclip2_b16,wit,th,55594,10000,5,0.2804435193538666,0.28433355689048767,0.22023580968379974,0.3348023593425751,0.2606000006198883,0.4560199975967407,0.539520001411438,0.21915999948978424,0.40296000242233276,0.4875600039958954,metaclip2_b16
metaclip2_b16,wit,vi,203979,10000,5,0.29117223620414734,0.2948416769504547,0.23146958649158478,0.3449738621711731,0.35799999833106994,0.5514000058174133,0.625820004940033,0.3456999957561493,0.537720000743866,0.6130800008773803,metaclip2_b16
selflearn_mammoth_v1_e16,bloom,fil,558,558,1,0.46321597695350647,0.4763890206813812,0.3816811442375183,0.5318988561630249,0.10931899398565292,0.24910394847393036,0.3405017852783203,0.06272401660680771,0.18637992441654205,0.2724014222621918,selflearn_mammoth_v1_e16
selflearn_mammoth_v1_e16,bloom,id,2169,2169,1,0.4790268540382385,0.4835129976272583,0.41650041937828064,0.5344448089599609,0.04333794489502907,0.1360073834657669,0.19686491787433624,0.02996772713959217,0.09174735099077225,0.14799447357654572,selflearn_mammoth_v1_e16
selflearn_mammoth_v1_e16,bloom,km,308,308,1,0.4832565486431122,0.49002236127853394,0.4193466603755951,0.5403530597686768,0.09415584057569504,0.29870128631591797,0.4577922224998474,0.04545454680919647,0.12987013161182404,0.2564935088157654,selflearn_mammoth_v1_e16
selflearn_mammoth_v1_e16,bloom,ms,102,102,1,0.42424455285072327,0.4361736476421356,0.3422084152698517,0.5067178606987,0.19607843458652496,0.4901960790157318,0.6274510025978088,0.12745098769664764,0.4019607901573181,0.5686274766921997,selflearn_mammoth_v1_e16
selflearn_mammoth_v1_e16,bloom,my,419,419,1,0.4662158489227295,0.4753067195415497,0.39380061626434326,0.5274149775505066,0.016706444323062897,0.05966586992144585,0.11455847322940826,0.01909307949244976,0.04534606263041496,0.07875894755125046,selflearn_mammoth_v1_e16
selflearn_mammoth_v1_e16,bloom,th,3009,3009,1,0.4807552993297577,0.4889034628868103,0.4200851023197174,0.5299221277236938,0.013958125375211239,0.04619475081562996,0.07577268034219742,0.008640744723379612,0.026254570111632347,0.039880357682704926,selflearn_mammoth_v1_e16
selflearn_mammoth_v1_e16,bloom,vi,22,22,1,0.4812067747116089,0.47839176654815674,0.4139157235622406,0.5495933294296265,0.13636364042758942,0.40909090638160706,0.7272727489471436,0.1818181872367859,0.5,0.5454545617103577,selflearn_mammoth_v1_e16
selflearn_mammoth_v1_e16,cgoe,id,223098,10000,5,0.4418847858905792,0.44120967388153076,0.38105446100234985,0.5045173764228821,0.1274599999189377,0.2490000009536743,0.31603999733924865,0.10969999879598617,0.2271599978208542,0.29497999548912046,selflearn_mammoth_v1_e16
selflearn_mammoth_v1_e16,cgoe,jv,39747,10000,5,0.46533164381980896,0.46651768684387207,0.3979499340057373,0.531029999256134,0.1742799997329712,0.34664000272750856,0.42838000059127807,0.15989999771118163,0.3177799999713898,0.39706000685691833,selflearn_mammoth_v1_e16
selflearn_mammoth_v1_e16,cgoe,ms,161397,10000,5,0.4396063983440399,0.4378435015678406,0.37707579135894775,0.5058631896972656,0.13284000158309936,0.25190000534057616,0.31199999451637267,0.11843999922275543,0.22912000119686127,0.28925999999046326,selflearn_mammoth_v1_e16
selflearn_mammoth_v1_e16,cgoe,su,21238,10000,5,0.4701186418533325,0.4716145992279053,0.40249353647232056,0.5360105633735657,0.1607800006866455,0.35347999930381774,0.43091999888420107,0.15496000051498413,0.3210600018501282,0.4016600072383881,selflearn_mammoth_v1_e16
selflearn_mammoth_v1_e16,cgoe,th,58433,10000,5,0.4287385642528534,0.4288090169429779,0.37121325731277466,0.4867437481880188,0.04533999934792519,0.11661999821662902,0.1649399995803833,0.033379999548196794,0.0921999990940094,0.13826000392436982,selflearn_mammoth_v1_e16
selflearn_mammoth_v1_e16,cgoe,vi,199562,10000,5,0.437539279460907,0.43601858615875244,0.3767491281032562,0.5008988380432129,0.11781999915838241,0.2274399995803833,0.28676000237464905,0.10245999991893769,0.20553999841213227,0.2652800023555756,selflearn_mammoth_v1_e16
selflearn_mammoth_v1_e16,wit,id,146744,10000,5,0.46320462226867676,0.4671051502227783,0.3979312479496002,0.5227339267730713,0.130239999294281,0.2985000014305115,0.39688000082969666,0.11013999879360199,0.26955999732017516,0.36751999855041506,selflearn_mammoth_v1_e16
selflearn_mammoth_v1_e16,wit,jv,11926,10000,5,0.46676182746887207,0.469900518655777,0.39852604269981384,0.5290769338607788,0.14687999784946443,0.3132200002670288,0.40329999923706056,0.12080000042915344,0.2800399959087372,0.37398000359535216,selflearn_mammoth_v1_e16
selflearn_mammoth_v1_e16,wit,ms,59504,10000,5,0.46482720971107483,0.4682243764400482,0.39808687567710876,0.5265750288963318,0.12701999694108962,0.297979998588562,0.39652000069618226,0.10946000218391419,0.27390000224113464,0.37296000123023987,selflearn_mammoth_v1_e16
selflearn_mammoth_v1_e16,wit,my,9941,9941,1,0.4370866119861603,0.4340038299560547,0.37150877714157104,0.5087770223617554,0.057036515325307846,0.1330852061510086,0.18086712062358856,0.04255105182528496,0.10713207721710205,0.15571874380111694,selflearn_mammoth_v1_e16
selflearn_mammoth_v1_e16,wit,th,55594,10000,5,0.45631250739097595,0.45944926142692566,0.39265966415405273,0.515125572681427,0.08246000111103058,0.21946000456809997,0.30959999561309814,0.06765999794006347,0.18818000257015227,0.2750599980354309,selflearn_mammoth_v1_e16
selflearn_mammoth_v1_e16,wit,vi,203979,10000,5,0.4648320972919464,0.4682909846305847,0.4011283218860626,0.5224317312240601,0.11733999997377395,0.2790399968624115,0.3762600064277649,0.09761999845504761,0.2528200030326843,0.34872000217437743,selflearn_mammoth_v1_e16
selflearn_mammoth_v1_e24,bloom,fil,558,558,1,0.47223249077796936,0.47701776027679443,0.4113394618034363,0.5286433696746826,0.2526881694793701,0.5268816947937012,0.6236559152603149,0.23476701974868774,0.5322580933570862,0.6308243870735168,selflearn_mammoth_v1_e24
selflearn_mammoth_v1_e24,bloom,id,2169,2169,1,0.48282843828201294,0.4842369556427002,0.434381365776062,0.5298399925231934,0.10281235724687576,0.30428770184516907,0.42508068680763245,0.09313047677278519,0.26048871874809265,0.36376211047172546,selflearn_mammoth_v1_e24
selflearn_mammoth_v1_e24,bloom,km,308,308,1,0.4884968101978302,0.4923551082611084,0.437802255153656,0.5357438325881958,0.20129869878292084,0.48051947355270386,0.6948052048683167,0.12012986838817596,0.36688312888145447,0.551948070526123,selflearn_mammoth_v1_e24
selflearn_mammoth_v1_e24,bloom,ms,102,102,1,0.45238667726516724,0.4508505165576935,0.3824770748615265,0.5195739269256592,0.4117647111415863,0.7156862616539001,0.843137264251709,0.3529411852359772,0.7254902124404907,0.8823529481887817,selflearn_mammoth_v1_e24
selflearn_mammoth_v1_e24,bloom,my,419,419,1,0.4691520035266876,0.47190186381340027,0.4278799891471863,0.5086781978607178,0.04773269593715668,0.15990453958511353,0.2267303168773651,0.02386634796857834,0.1217183768749237,0.1909307837486267,selflearn_mammoth_v1_e24
selflearn_mammoth_v1_e24,bloom,th,3009,3009,1,0.4671580493450165,0.4689737558364868,0.43065938353538513,0.5016047954559326,0.03555998578667641,0.10867397487163544,0.17048853635787964,0.02525756135582924,0.0834164172410965,0.1213027611374855,selflearn_mammoth_v1_e24
selflearn_mammoth_v1_e24,bloom,vi,22,22,1,0.4856553375720978,0.4814239740371704,0.4157525599002838,0.5537621378898621,0.13636364042758942,0.40909090638160706,0.6818181872367859,0.22727273404598236,0.5454545617103577,0.7272727489471436,selflearn_mammoth_v1_e24
selflearn_mammoth_v1_e24,cgoe,id,223098,10000,5,0.4474337697029114,0.4479990601539612,0.3939187526702881,0.5003032684326172,0.2617200016975403,0.47639999985694886,0.5721799969673157,0.2531000018119812,0.4660800039768219,0.5618399977684021,selflearn_mammoth_v1_e24
selflearn_mammoth_v1_e24,cgoe,jv,39747,10000,5,0.46055057644844055,0.46222156286239624,0.40537428855895996,0.5139273405075073,0.2857599973678589,0.548420000076294,0.6471799969673157,0.28795999884605405,0.5403600096702575,0.6374199986457825,selflearn_mammoth_v1_e24
selflearn_mammoth_v1_e24,cgoe,ms,161397,10000,5,0.4479869604110718,0.4487897753715515,0.3913298547267914,0.5040320158004761,0.27793999910354616,0.49119999408721926,0.5789799928665161,0.2787999987602234,0.4857599914073944,0.5724599957466125,selflearn_mammoth_v1_e24
selflearn_mammoth_v1_e24,cgoe,su,21238,10000,5,0.4682164192199707,0.4698806703090668,0.41583412885665894,0.5182529091835022,0.2741800010204315,0.573140001296997,0.6814199924468994,0.29008000493049624,0.570799994468689,0.6740800023078919,selflearn_mammoth_v1_e24
selflearn_mammoth_v1_e24,cgoe,th,58433,10000,5,0.4330090880393982,0.43335264921188354,0.3816705346107483,0.48422205448150635,0.1207399994134903,0.2791599929332733,0.3627799987792969,0.0995600014925003,0.2404799997806549,0.32148000597953796,selflearn_mammoth_v1_e24
selflearn_mammoth_v1_e24,cgoe,vi,199562,10000,5,0.44550496339797974,0.4454488158226013,0.391558438539505,0.49990415573120117,0.2598800003528595,0.4681799948215485,0.5570199847221374,0.25423999726772306,0.4569599986076355,0.5433200001716614,selflearn_mammoth_v1_e24
selflearn_mammoth_v1_e24,wit,id,146744,10000,5,0.46199867129325867,0.4635661244392395,0.41199639439582825,0.5096118450164795,0.24874000251293182,0.5123200058937073,0.6302199840545655,0.24043999910354613,0.5008600056171417,0.6199400067329407,selflearn_mammoth_v1_e24
selflearn_mammoth_v1_e24,wit,jv,11926,10000,5,0.46925830841064453,0.46978941559791565,0.42009037733078003,0.5177573561668396,0.30397999882698057,0.5657400012016296,0.6756799936294555,0.2943399965763092,0.559499990940094,0.6686000108718873,selflearn_mammoth_v1_e24
selflearn_mammoth_v1_e24,wit,ms,59504,10000,5,0.4646097421646118,0.4663415551185608,0.41383299231529236,0.5126503705978394,0.2589000046253204,0.529860007762909,0.6525799989700317,0.2502999991178513,0.5251999974250794,0.644320011138916,selflearn_mammoth_v1_e24
selflearn_mammoth_v1_e24,wit,my,9941,9941,1,0.43853551149368286,0.4393689036369324,0.3825058341026306,0.4934372305870056,0.12775374948978424,0.2816618084907532,0.3700834810733795,0.11055225878953934,0.2582235336303711,0.3451363146305084,selflearn_mammoth_v1_e24
selflearn_mammoth_v1_e24,wit,th,55594,10000,5,0.4531649947166443,0.4547964334487915,0.4034424126148224,0.5001016855239868,0.17020000219345094,0.3951799988746643,0.5203999996185302,0.15167999863624573,0.3715799987316132,0.49218000173568727,selflearn_mammoth_v1_e24
selflearn_mammoth_v1_e24,wit,vi,203979,10000,5,0.46141067147254944,0.4627160429954529,0.41343891620635986,0.5082066059112549,0.22454000115394593,0.4739199995994568,0.5904000043869019,0.20869999825954438,0.4544200003147125,0.5738199949264526,selflearn_mammoth_v1_e24
selflearn_mammoth_v1_e32,bloom,fil,558,558,1,0.45346924662590027,0.4540759325027466,0.4152446389198303,0.49138593673706055,0.4695340394973755,0.8369175791740417,0.9354838728904724,0.4910394251346588,0.8172042965888977,0.9157705903053284,selflearn_mammoth_v1_e32
selflearn_mammoth_v1_e32,bloom,id,2169,2169,1,0.4527011811733246,0.45279428362846375,0.41481849551200867,0.4894242286682129,0.22683264315128326,0.5426464080810547,0.6887966990470886,0.21300138533115387,0.5149838924407959,0.6708160638809204,selflearn_mammoth_v1_e32
selflearn_mammoth_v1_e32,bloom,km,308,308,1,0.45686042308807373,0.45817095041275024,0.4151855409145355,0.4958115518093109,0.3571428656578064,0.7727272510528564,0.8896104097366333,0.25974026322364807,0.6655844449996948,0.8538960814476013,selflearn_mammoth_v1_e32
selflearn_mammoth_v1_e32,bloom,ms,102,102,1,0.4489503502845764,0.4583773612976074,0.39647457003593445,0.48567432165145874,0.5784313678741455,0.9803921580314636,0.9901960492134094,0.5686274766921997,0.9411764740943909,0.9803921580314636,selflearn_mammoth_v1_e32
selflearn_mammoth_v1_e32,bloom,my,419,419,1,0.43904757499694824,0.43954503536224365,0.40694302320480347,0.4716763496398926,0.07637231796979904,0.28162291646003723,0.4272076487541199,0.05966586992144585,0.21002386510372162,0.3269689679145813,selflearn_mammoth_v1_e32
selflearn_mammoth_v1_e32,bloom,th,3009,3009,1,0.44612792134284973,0.4467926621437073,0.4144718050956726,0.47724035382270813,0.07942838221788406,0.2213359922170639,0.3143901526927948,0.07942838221788406,0.23030906915664673,0.33200398087501526,selflearn_mammoth_v1_e32
selflearn_mammoth_v1_e32,bloom,vi,22,22,1,0.46518567204475403,0.4626443684101105,0.4320431649684906,0.5072637796401978,0.22727273404598236,0.7727272510528564,0.9090909361839294,0.22727273404598236,0.7272727489471436,0.9545454382896423,selflearn_mammoth_v1_e32
selflearn_mammoth_v1_e32,cgoe,id,223098,10000,5,0.44104883074760437,0.4412056505680084,0.40355491638183594,0.47859111428260803,0.519599997997284,0.8390400171279907,0.9146000146865845,0.5327599883079529,0.8317399978637695,0.9046000003814697,selflearn_mammoth_v1_e32
selflearn_mammoth_v1_e32,cgoe,jv,39747,10000,5,0.44623032212257385,0.4465792179107666,0.40817490220069885,0.484148234128952,0.5178600072860717,0.8558600068092346,0.9264400005340576,0.5224400043487549,0.8480999946594239,0.9155799984931946,selflearn_mammoth_v1_e32
selflearn_mammoth_v1_e32,cgoe,ms,161397,10000,5,0.4406692087650299,0.4409498870372772,0.40228626132011414,0.4789542257785797,0.5218400001525879,0.8278599977493286,0.9033800005912781,0.54132000207901,0.8277199983596801,0.8969799995422363,selflearn_mammoth_v1_e32
selflearn_mammoth_v1_e32,cgoe,su,21238,10000,5,0.44890061020851135,0.44994616508483887,0.41024142503738403,0.48629334568977356,0.47914000153541564,0.8630000114440918,0.9344799995422364,0.48977999687194823,0.8571799993515015,0.9281399965286254,selflearn_mammoth_v1_e32
selflearn_mammoth_v1_e32,cgoe,th,58433,10000,5,0.43145546317100525,0.4315023422241211,0.3959852159023285,0.4669122099876404,0.30591999888420107,0.6344399929046631,0.7583599925041199,0.2891600012779236,0.6121999979019165,0.7371399998664856,selflearn_mammoth_v1_e32
selflearn_mammoth_v1_e32,cgoe,vi,199562,10000,5,0.4388328492641449,0.43908804655075073,0.4005292057991028,0.47712528705596924,0.4999800086021423,0.8097599864006042,0.8895400047302247,0.51385999917984,0.8037199974060059,0.880460000038147,selflearn_mammoth_v1_e32
selflearn_mammoth_v1_e32,wit,id,146744,10000,5,0.4444509446620941,0.4444260597229004,0.40765926241874695,0.48176878690719604,0.4375,0.7997999906539917,0.8975000023841858,0.4486000001430511,0.7872599959373474,0.8820600032806396,selflearn_mammoth_v1_e32
selflearn_mammoth_v1_e32,wit,jv,11926,10000,5,0.4518650770187378,0.45183616876602173,0.41569897532463074,0.4896691143512726,0.5046200037002564,0.8313799977302552,0.9134000062942504,0.5090800046920776,0.8234400033950806,0.9003399968147278,selflearn_mammoth_v1_e32
selflearn_mammoth_v1_e32,wit,ms,59504,10000,5,0.44647255539894104,0.4466513395309448,0.40956926345825195,0.48360148072242737,0.4504999935626984,0.8088800072669983,0.9046800017356873,0.45774000883102417,0.8008400082588196,0.8914000034332276,selflearn_mammoth_v1_e32
selflearn_mammoth_v1_e32,wit,my,9941,9941,1,0.441699743270874,0.44202110171318054,0.4066554307937622,0.47604629397392273,0.3494618237018585,0.6948999166488647,0.8156121373176575,0.35338497161865234,0.6836334466934204,0.804747998714447,selflearn_mammoth_v1_e32
selflearn_mammoth_v1_e32,wit,th,55594,10000,5,0.4406101703643799,0.4405185580253601,0.4053013324737549,0.47678273916244507,0.3522599995136261,0.71910001039505,0.8500600099563599,0.34936000108718873,0.7076799869537354,0.8368800044059753,selflearn_mammoth_v1_e32
selflearn_mammoth_v1_e32,wit,vi,203979,10000,5,0.4427576959133148,0.4422330856323242,0.4079734683036804,0.4789814054965973,0.39318000674247744,0.7512399911880493,0.8562600016593933,0.3981200039386749,0.7355399966239929,0.8393800020217895,selflearn_mammoth_v1_e32
selflearn_mammoth_v1_e8,bloom,fil,558,558,1,0.4513985216617584,0.46509140729904175,0.3670760989189148,0.517772376537323,0.0788530483841896,0.18817204236984253,0.25089606642723083,0.03405017778277397,0.1111111119389534,0.15591397881507874,selflearn_mammoth_v1_e8
selflearn_mammoth_v1_e8,bloom,id,2169,2169,1,0.4699769616127014,0.4740225672721863,0.40051355957984924,0.535295307636261,0.029506685212254524,0.09313047677278519,0.14753343164920807,0.016597511246800423,0.06039649620652199,0.09774089604616165,selflearn_mammoth_v1_e8
selflearn_mammoth_v1_e8,bloom,km,308,308,1,0.4754634201526642,0.48028692603111267,0.4117583632469177,0.5389091968536377,0.048701297491788864,0.16558441519737244,0.26948052644729614,0.019480518996715546,0.11363636702299118,0.1785714328289032,selflearn_mammoth_v1_e8
selflearn_mammoth_v1_e8,bloom,ms,102,102,1,0.38458189368247986,0.38412046432495117,0.29104694724082947,0.4729827642440796,0.14705882966518402,0.4117647111415863,0.5392156839370728,0.0784313753247261,0.3137255012989044,0.46078431606292725,selflearn_mammoth_v1_e8
selflearn_mammoth_v1_e8,bloom,my,419,419,1,0.46492233872413635,0.4764731824398041,0.38884612917900085,0.5209779739379883,0.00954653974622488,0.05727923661470413,0.1026252955198288,0.0071599045768380165,0.040572792291641235,0.07637231796979904,selflearn_mammoth_v1_e8
selflearn_mammoth_v1_e8,bloom,th,3009,3009,1,0.48928046226501465,0.5024247765541077,0.40918782353401184,0.550226628780365,0.0076437355019152164,0.03256896138191223,0.049185775220394135,0.005317381117492914,0.018610835075378418,0.025589896366000175,selflearn_mammoth_v1_e8
selflearn_mammoth_v1_e8,bloom,vi,22,22,1,0.43837645649909973,0.43269428610801697,0.39325079321861267,0.4834832549095154,0.04545454680919647,0.4545454680919647,0.5454545617103577,0.09090909361839294,0.22727273404598236,0.6818181872367859,selflearn_mammoth_v1_e8
selflearn_mammoth_v1_e8,cgoe,id,223098,10000,5,0.4323464334011078,0.4314151406288147,0.37325596809387207,0.4938511252403259,0.06340000107884407,0.14193999767303467,0.19116000235080718,0.05202000066637993,0.12667999863624574,0.1738999992609024,selflearn_mammoth_v1_e8
selflearn_mammoth_v1_e8,cgoe,jv,39747,10000,5,0.44716596603393555,0.447642982006073,0.37798646092414856,0.5157983303070068,0.08365999907255173,0.18431999981403352,0.23973999917507172,0.07152000069618225,0.1612600028514862,0.21623999774456024,selflearn_mammoth_v1_e8
selflearn_mammoth_v1_e8,cgoe,ms,161397,10000,5,0.4267904758453369,0.42325925827026367,0.36920255422592163,0.49171844124794006,0.06653999984264374,0.1403200000524521,0.18461999893188477,0.05401999950408935,0.12207999974489211,0.16645999848842621,selflearn_mammoth_v1_e8
selflearn_mammoth_v1_e8,cgoe,su,21238,10000,5,0.4509407579898834,0.4517265558242798,0.3764841854572296,0.5249012112617493,0.08912000060081482,0.2053400009870529,0.2621999979019165,0.0811599999666214,0.18024000227451326,0.23527999818325043,selflearn_mammoth_v1_e8
selflearn_mammoth_v1_e8,cgoe,th,58433,10000,5,0.41495180130004883,0.4143083095550537,0.356992244720459,0.4754067659378052,0.01900000013411045,0.056960000097751616,0.08761999905109405,0.012040000036358833,0.04123999923467636,0.06600000113248825,selflearn_mammoth_v1_e8
selflearn_mammoth_v1_e8,cgoe,vi,199562,10000,5,0.42414215207099915,0.42159226536750793,0.3665011525154114,0.4870860278606415,0.05803999975323677,0.12444000095129013,0.1652200013399124,0.04617999941110611,0.10824000090360641,0.1504399985074997,selflearn_mammoth_v1_e8
selflearn_mammoth_v1_e8,wit,id,146744,10000,5,0.4619331657886505,0.46598026156425476,0.3866219222545624,0.5309575200080872,0.08312000036239624,0.21311999559402467,0.29587999582290647,0.06824000030755997,0.18582000136375426,0.2632200062274933,selflearn_mammoth_v1_e8
selflearn_mammoth_v1_e8,wit,jv,11926,10000,5,0.46010857820510864,0.4632672667503357,0.3822171092033386,0.5331194400787354,0.08976000100374222,0.2138199985027313,0.288400000333786,0.07259999960660934,0.18443999886512757,0.25501999258995056,selflearn_mammoth_v1_e8
selflearn_mammoth_v1_e8,wit,ms,59504,10000,5,0.46126213669776917,0.4655085504055023,0.38484957814216614,0.5320790410041809,0.0812199980020523,0.2124200016260147,0.2941600024700165,0.06696000099182128,0.1856000006198883,0.2658800005912781,selflearn_mammoth_v1_e8
selflearn_mammoth_v1_e8,wit,my,9941,9941,1,0.4263906180858612,0.4214012622833252,0.35560810565948486,0.5068395137786865,0.03832612559199333,0.09133890271186829,0.12956443428993225,0.02333769202232361,0.07122019678354263,0.10320892930030823,selflearn_mammoth_v1_e8
selflearn_mammoth_v1_e8,wit,th,55594,10000,5,0.4528704583644867,0.45680123567581177,0.379244863986969,0.5205563306808472,0.05147999972105026,0.15011999905109405,0.2239599972963333,0.04033999964594841,0.12254000008106232,0.18653999865055085,selflearn_mammoth_v1_e8
selflearn_mammoth_v1_e8,wit,vi,203979,10000,5,0.4644288122653961,0.467820942401886,0.38789084553718567,0.5345472693443298,0.07395999878644943,0.19880000054836272,0.27825999855995176,0.05948000028729439,0.17184000313282013,0.25113999247550967,selflearn_mammoth_v1_e8
